Year League,Rk,Tm,W,L,W-L%,GB,GBsum,R,RA,Rdiff,SOS,SRS,pythWL,Luck,Home,Road,1Run,vRHP,vLHP,â‰¥.500,<.500,ExInn,Ties
1910 AL,1,Philadelphia Athletics,102,48,0.68,--,,4.3,2.9,1.5,-0.2,1.3,103-47,-1.0,57-19,45-29,23-19,81-37,21-11,43-22,59-26,,
1910 AL,2,New York Highlanders,88,63,0.583,14.5,14.5,4.0,3.6,0.4,-0.1,0.4,84-67,4.0,49-25,39-38,30-20,78-55,10-8,31-34,57-29,,
1910 AL,3,Detroit Tigers,86,68,0.558,18.0,21.5,4.4,3.8,0.6,-0.1,0.5,88-66,-2.0,46-31,40-37,19-17,52-36,34-32,32-34,54-34,,
1910 AL,4,Boston Red Sox,81,72,0.529,22.5,35.0,4.1,3.6,0.5,-0.1,0.4,85-68,-4.0,51-28,30-44,25-27,56-51,25-21,25-41,56-31,,
1910 AL,5,Cleveland Naps,71,81,0.467,32.0,73.0,3.4,4.1,-0.7,0.1,-0.6,63-89,8.0,39-36,32-45,29-22,64-74,7-7,32-54,39-27,,
1910 AL,6,Chicago White Sox,68,85,0.444,35.5,90.5,2.9,3.1,-0.1,0.0,-0.1,73-80,-5.0,41-37,27-48,23-33,51-76,17-9,37-50,31-35,,
1910 AL,7,Washington Nationals,66,85,0.437,36.5,96.5,3.2,3.5,-0.3,0.0,-0.3,69-82,-3.0,38-35,28-50,23-30,49-63,17-22,27-58,39-27,,
1910 AL,8,St. Louis Browns,47,107,0.305,57.0,240.0,2.9,4.7,-1.8,0.2,-1.6,44-110,3.0,26-51,21-56,22-26,31-83,16-24,24-64,23-43,,
1885 NL,1,Chicago White Stockings,87,25,0.777,,,7.4,4.2,3.2,-0.4,2.8,83-29,4.0,42-14,45-11,10-9,78-22,8-3,17-15,70-10,,
1885 NL,2,St. Louis Browns,79,33,0.705,,,6.0,4.1,1.9,-0.3,1.7,75-37,4.0,44-11,35-22,18-6,59-21,11-6,20-12,59-21,,
1885 NL,3,New York Giants,85,27,0.759,,,6.2,3.3,2.9,-0.4,2.5,85-27,0.0,51-10,34-17,22-8,74-24,9-3,21-11,64-16,,
1885 NL,4,Cincinnati,63,49,0.562,,,5.7,5.1,0.6,-0.1,0.5,62-50,1.0,35-21,28-28,20-13,48-39,8-7,15-17,48-32,,
1885 NL,5,Philadelphia,56,54,0.509,,,4.6,4.6,0.0,0.0,0.0,55-55,1.0,29-26,27-28,13-12,47-50,7-4,10-22,46-32,,
1885 NL,6,Allegheny City,56,55,0.505,,,4.9,4.9,0.1,0.0,0.1,56-55,0.0,37-20,19-35,16-15,40-45,4-2,13-19,43-36,,
1885 NL,7,Philadelphia Athletics,55,57,0.491,,,6.8,6.1,0.6,-0.1,0.5,61-51,-6.0,33-23,22-34,10-15,34-41,8-4,21-27,34-30,,
1885 NL,8,Providence Grays,53,57,0.482,,,4.0,4.8,-0.8,0.1,-0.7,46-64,7.0,31-20,22-37,16-12,51-55,2-2,16-31,37-26,,
1885 NL,9,Brooklyn,53,59,0.473,,,5.6,5.8,-0.2,0.0,-0.2,54-58,-1.0,35-22,18-37,10-12,36-41,11-9,15-33,38-26,,
1885 NL,10,Boston,46,66,0.411,,,4.7,5.2,-0.5,0.1,-0.5,50-62,-4.0,24-34,22-32,11-20,37-60,8-6,12-36,34-30,,
1885 NL,11,Louisville Colonels,53,59,0.473,,,5.0,5.3,-0.3,0.0,-0.3,53-59,0.0,37-19,16-40,10-16,43-48,3-8,21-27,32-32,,
1885 NL,12,Detroit Wolverines,41,67,0.38,,,4.8,5.4,-0.6,0.1,-0.5,48-60,-7.0,29-23,12-44,10-17,37-64,4-3,12-36,29-31,,
1885 NL,13,New York Metropolitans,44,64,0.407,,,4.9,6.4,-1.5,0.2,-1.3,41-67,3.0,28-24,16-40,11-10,28-52,7-7,18-29,26-35,,
1885 NL,14,Buffalo Bisons,38,74,0.339,,,4.4,6.8,-2.4,0.3,-2.1,35-77,3.0,19-34,19-40,10-7,32-64,4-10,6-42,32-32,,
1885 NL,15,Baltimore Orioles,41,68,0.376,,,4.9,6.2,-1.3,0.2,-1.1,43-66,-2.0,29-26,12-42,9-17,27-48,4-10,14-34,27-34,,
1885 NL,16,St. Louis Maroons,36,72,0.333,,,3.5,5.3,-1.8,0.3,-1.6,34-74,2.0,23-33,13-39,8-15,32-64,3-8,12-35,24-37,,
1890 PL_Season,1,Boston Reds,81,48,0.628,--,,7.8,5.9,1.9,-0.3,1.5,81-48,0.0,48-21,33-27,17-8,69-41,8-6,45-29,36-19,,
1890 PL_Season,2,Brooklyn Ward's Wonders,76,56,0.576,6.5,6.5,7.2,6.7,0.5,-0.1,0.4,71-61,5.0,46-19,30-37,20-15,58-39,12-15,38-36,38-20,,
1890 PL_Season,3,New York Giants,74,57,0.565,8.0,9.5,7.7,6.6,1.1,-0.2,0.9,75-56,-1.0,47-19,27-38,13-13,60-41,14-13,32-40,42-17,,
1890 PL_Season,4,Chicago White Stockings,75,62,0.547,10.0,15.5,6.4,5.6,0.8,-0.1,0.7,77-60,-2.0,46-23,29-39,13-18,61-54,12-8,36-41,39-21,,
1890 PL_Season,5,Philadelphia Athletics,68,63,0.519,14.0,31.5,7.1,6.5,0.7,-0.1,0.5,71-60,-3.0,35-30,33-33,10-19,53-49,13-13,34-39,34-24,,
1890 PL_Season,6,Pittsburgh Burghers,60,68,0.469,20.5,64.0,6.5,7.1,-0.6,0.1,-0.4,59-69,1.0,37-28,23-40,11-10,42-55,15-13,38-56,22-12,,
1890 PL_Season,7,Cleveland Infants,55,75,0.423,26.5,100.0,6.5,7.8,-1.4,0.3,-1.1,54-76,1.0,31-30,24-45,17-14,41-58,11-12,39-59,16-16,,
1890 PL_Season,8,Buffalo Bisons,36,96,0.273,46.5,240.0,5.9,8.9,-3.0,0.4,-2.6,42-90,-6.0,23-42,13-54,5-9,18-59,14-34,24-74,12-22,,
1876 NL,1,Chicago White Stockings,52,14,0.788,,,9.5,3.9,5.6,-0.7,4.9,55-11,-3.0,25-6,27-8,4-6,52-14,0-0,19-11,33-3,,
1876 NL,2,Hartford Dark Blues,47,21,0.691,,,6.2,3.8,2.4,-0.3,2.1,48-20,-1.0,23-9,24-12,6-3,47-21,0-0,16-14,31-7,,
1876 NL,3,St. Louis Brown Stockings,45,19,0.703,,,6.0,3.6,2.5,-0.2,2.3,46-18,-1.0,24-6,21-13,5-4,45-19,0-0,18-12,27-7,,
1876 NL,4,Boston Reds,39,31,0.557,,,6.7,6.4,0.3,-0.1,0.2,36-34,3.0,19-17,20-14,10-5,39-31,0-0,7-23,32-8,,
1876 NL,5,Louisville Grays,30,36,0.455,,,4.1,5.0,-0.9,0.1,-0.8,27-39,3.0,15-16,15-20,3-5,30-36,0-0,11-29,19-7,,
1876 NL,6,New York Mutuals,21,35,0.375,,,4.6,7.2,-2.7,0.2,-2.4,17-39,4.0,13-20,8-15,6-4,21-35,0-0,8-25,13-10,,
1876 NL,7,Philadelphia Athletics,14,45,0.237,,,6.3,8.9,-2.6,0.3,-2.3,20-39,-6.0,10-24,4-21,2-7,14-45,0-0,3-33,11-12,,
1876 NL,8,Cincinnati Reds,9,56,0.138,,,3.7,8.9,-5.2,0.7,-4.5,11-54,-2.0,6-24,3-32,2-4,9-56,0-0,3-36,6-20,,
1915 NL,1,Philadelphia Phillies,90,62,0.592,--,,3.8,3.0,0.8,-0.1,0.7,92-60,-2.0,49-27,41-35,24-24,75-56,15-6,23-20,67-42,10-6,
1915 NL,2,Boston Braves,83,69,0.546,7.0,7.0,3.7,3.5,0.2,0.0,0.2,81-71,2.0,49-27,34-42,30-21,51-48,32-21,21-22,62-47,8-3,
1915 NL,3,Brooklyn Dodgers,80,72,0.526,10.0,13.0,3.5,3.6,-0.2,0.0,-0.1,73-79,7.0,51-26,29-46,32-20,51-53,29-19,21-23,59-49,6-7,
1915 NL,4,Chicago Cubs,73,80,0.477,17.5,35.5,3.7,4.0,-0.3,0.0,-0.3,71-82,2.0,42-34,31-46,20-31,43-56,30-24,27-38,46-42,8-8,
1915 NL,5,Pittsburgh Pirates,73,81,0.474,18.0,37.5,3.6,3.3,0.2,0.0,0.2,82-72,-9.0,40-37,33-44,21-26,58-60,15-21,30-36,43-45,5-7,
1915 NL,6,St. Louis Cardinals,72,81,0.471,18.5,40.0,3.8,3.8,-0.1,0.0,-0.1,75-78,-3.0,42-36,30-45,21-29,51-61,21-20,30-35,42-46,7-10,
1915 NL,7,Cincinnati Reds,71,83,0.461,20.0,49.0,3.2,3.7,-0.4,0.1,-0.4,68-86,3.0,39-37,32-46,28-21,63-78,8-5,27-39,44-44,8-5,
1915 NL,8,New York Giants,69,83,0.454,21.0,56.0,3.8,4.1,-0.3,0.0,-0.3,71-81,-2.0,37-38,32-45,20-24,55-67,14-16,24-40,45-43,4-10,
1905 NL,1,New York Giants,105,48,0.686,--,,5.0,3.3,1.8,-0.2,1.6,105-48,0.0,54-21,51-27,29-19,96-41,9-7,54-33,51-15,,
1905 NL,2,Pittsburgh Pirates,96,57,0.627,9.0,9.0,4.5,3.7,0.8,-0.1,0.7,90-63,6.0,49-28,47-29,32-16,86-48,10-9,51-37,45-20,,
1905 NL,3,Chicago Cubs,92,61,0.601,13.0,17.0,4.3,2.9,1.5,-0.2,1.3,104-49,-12.0,54-25,38-36,30-32,81-53,11-8,44-43,48-18,,
1905 NL,4,Philadelphia Phillies,83,69,0.546,21.5,42.5,4.6,3.9,0.7,-0.1,0.6,87-65,-4.0,39-36,44-33,18-25,73-62,10-7,32-55,51-14,,
1905 NL,5,Cincinnati Reds,79,74,0.516,26.0,60.5,4.7,4.5,0.2,0.0,0.2,80-73,-1.0,50-28,29-46,21-22,69-62,10-12,37-50,42-24,,
1905 NL,6,St. Louis Cardinals,58,96,0.377,47.5,168.0,3.5,4.8,-1.3,0.2,-1.1,55-99,3.0,32-45,26-51,24-26,53-80,5-16,32-78,26-18,,
1905 NL,7,Boston Nationals,51,103,0.331,54.5,210.0,3.0,4.7,-1.7,0.2,-1.5,47-107,4.0,29-46,22-57,21-29,47-90,4-13,32-78,19-25,,
1905 NL,8,Brooklyn Superbas,48,104,0.316,56.5,224.0,3.3,5.2,-1.9,0.2,-1.7,45-107,3.0,29-47,19-57,20-26,40-90,8-14,27-81,21-23,,
1895 NL,1,Baltimore Orioles,87,43,0.669,,,7.7,4.9,2.8,-0.2,2.5,90-40,-3.0,54-12,33-31,15-13,68-31,17-11,62-33,25-10,,
1895 NL,2,Cleveland Spiders,84,46,0.646,,,7.0,5.5,1.5,-0.2,1.3,79-51,5.0,49-13,35-33,22-9,65-42,14-4,54-40,30-6,,
1895 NL,3,Philadelphia Phillies,78,53,0.595,,,8.0,7.2,0.8,0.0,0.8,72-59,6.0,51-21,27-32,18-17,58-37,18-15,53-42,25-11,,
1895 NL,4,Chicago Colts,72,58,0.554,,,6.5,6.4,0.1,0.0,0.1,66-64,6.0,43-24,29-34,16-12,62-49,10-6,44-51,28-7,,
1895 NL,5,Brooklyn Grooms,71,60,0.542,,,6.6,6.3,0.3,0.0,0.3,68-63,3.0,43-22,28-38,16-10,60-58,8-2,46-49,25-11,,
1895 NL,6,Boston,71,60,0.542,,,6.8,6.2,0.6,-0.1,0.5,71-60,0.0,48-19,23-41,10-15,61-55,9-4,44-51,27-9,,
1895 NL,7,Pittsburgh Pirates,71,61,0.538,,,6.1,6.0,0.1,0.0,0.1,67-65,4.0,44-21,27-40,19-9,56-48,13-11,44-52,27-9,,
1895 NL,8,Cincinnati Reds,66,64,0.508,,,6.8,6.5,0.4,0.0,0.3,68-62,-2.0,42-22,24-42,17-16,54-56,10-6,43-53,23-11,,
1895 NL,9,New York Giants,66,65,0.504,,,6.5,6.3,0.1,0.0,0.2,67-64,-1.0,40-27,26-38,15-15,54-53,12-10,38-57,28-8,,
1895 NL,10,Washington Senators,43,85,0.336,,,6.3,7.9,-1.6,0.1,-1.4,51-77,-8.0,31-34,12-51,7-20,35-75,7-8,32-73,11-12,,
1895 NL,11,St. Louis Browns,39,92,0.298,,,5.5,7.6,-2.1,0.2,-1.9,47-84,-8.0,25-41,14-51,9-20,29-80,7-11,27-81,12-11,,
1895 NL,12,Louisville Colonels,35,96,0.267,,,5.3,8.3,-3.0,0.2,-2.7,40-91,-5.0,19-38,16-58,9-17,26-78,8-11,23-84,12-12,,
1885 AA_Season,1,St. Louis Browns,79,33,0.705,--,,6.0,4.1,1.9,-0.3,1.7,75-37,4.0,44-11,35-22,18-6,59-21,11-6,20-12,59-21,,
1885 AA_Season,2,Cincinnati,63,49,0.562,16.0,16.0,5.7,5.1,0.6,-0.1,0.5,62-50,1.0,35-21,28-28,20-13,48-39,8-7,15-17,48-32,,
1885 AA_Season,3,Allegheny City,56,55,0.505,22.5,29.0,4.9,4.9,0.1,0.0,0.1,56-55,0.0,37-20,19-35,16-15,40-45,4-2,13-19,43-36,,
1885 AA_Season,4,Philadelphia Athletics,55,57,0.491,24.0,33.5,6.8,6.1,0.6,-0.1,0.5,61-51,-6.0,33-23,22-34,10-15,34-41,8-4,21-27,34-30,,
1885 AA_Season,5,Brooklyn,53,59,0.473,26.0,41.5,5.6,5.8,-0.2,0.0,-0.2,54-58,-1.0,35-22,18-37,10-12,36-41,11-9,15-33,38-26,,
1885 AA_Season,6,Louisville Colonels,53,59,0.473,26.0,41.5,5.0,5.3,-0.3,0.0,-0.3,53-59,0.0,37-19,16-40,10-16,43-48,3-8,21-27,32-32,,
1885 AA_Season,7,New York Metropolitans,44,64,0.407,33.0,83.5,4.9,6.4,-1.5,0.2,-1.3,41-67,3.0,28-24,16-40,11-10,28-52,7-7,18-29,26-35,,
1885 AA_Season,8,Baltimore Orioles,41,68,0.376,36.5,108.0,4.9,6.2,-1.3,0.2,-1.1,43-66,-2.0,29-26,12-42,9-17,27-48,4-10,14-34,27-34,,
1925 NL,1,Pittsburgh Pirates,95,58,0.621,--,,6.0,4.7,1.3,-0.2,1.1,93-60,2.0,52-25,43-33,27-20,76-49,19-9,39-26,56-32,6-6,
1925 NL,2,New York Giants,86,66,0.566,8.5,8.5,4.8,4.6,0.2,0.0,0.2,79-73,7.0,47-29,39-37,28-16,60-47,26-19,35-30,51-36,6-5,
1925 NL,3,Cincinnati Reds,80,73,0.523,15.0,21.5,4.5,4.2,0.3,0.0,0.3,81-72,-1.0,44-32,36-41,19-26,64-57,16-16,29-36,51-37,9-7,
1925 NL,4,St. Louis Cardinals,77,76,0.503,18.0,30.5,5.4,5.0,0.4,-0.1,0.4,82-71,-5.0,48-28,29-48,15-19,57-58,20-18,27-38,50-38,5-5,
1925 NL,5,Boston Braves,70,83,0.458,25.0,58.5,4.6,5.2,-0.6,0.1,-0.5,68-85,2.0,37-39,33-44,20-24,44-57,26-26,39-49,31-34,7-9,
1925 NL,6,Brooklyn Robins,68,85,0.444,27.0,68.5,5.1,5.7,-0.5,0.1,-0.5,70-83,-2.0,40-37,28-48,20-20,39-44,29-41,38-50,30-35,5-5,
1925 NL,7,Philadelphia Phillies,68,85,0.444,27.0,68.5,5.3,6.1,-0.8,0.1,-0.7,67-86,1.0,38-39,30-46,16-19,55-58,13-27,29-58,39-27,5-8,
1925 NL,8,Chicago Cubs,68,86,0.442,27.5,72.0,4.7,5.0,-0.3,0.0,-0.3,72-82,-4.0,37-40,31-46,18-19,45-67,23-19,37-51,31-35,7-5,
1920 AL,1,Cleveland Indians,98,56,0.636,--,,5.6,4.2,1.4,-0.2,1.2,97-57,1.0,51-27,47-29,23-23,67-35,31-21,21-23,77-33,5-6,
1920 AL,2,Chicago White Sox,96,58,0.623,2.0,2.0,5.2,4.3,0.8,-0.1,0.7,89-65,7.0,52-25,44-33,26-16,63-43,33-15,20-24,76-34,14-5,
1920 AL,3,New York Yankees,95,59,0.617,3.0,4.0,5.4,4.1,1.4,-0.2,1.2,97-57,-2.0,49-28,46-31,23-18,71-49,24-10,25-19,70-40,7-2,
1920 AL,4,St. Louis Browns,76,77,0.497,21.5,59.5,5.2,5.0,0.2,0.0,0.2,79-74,-3.0,40-38,36-39,20-18,50-54,26-23,25-41,51-36,3-10,
1920 AL,5,Boston Red Sox,72,81,0.471,25.5,75.5,4.2,4.5,-0.3,0.0,-0.3,72-81,0.0,41-35,31-46,24-29,56-65,16-16,27-39,45-42,10-8,
1920 AL,6,Washington Nationals,68,84,0.447,29.0,93.0,4.7,5.2,-0.5,0.1,-0.4,69-83,-1.0,37-38,31-46,21-27,48-61,20-23,23-43,45-41,5-8,
1920 AL,7,Detroit Tigers,61,93,0.396,37.0,141.0,4.2,5.4,-1.2,0.1,-1.0,60-94,1.0,32-46,29-47,22-22,48-72,13-21,17-49,44-44,6-9,
1920 AL,8,Philadelphia Athletics,48,106,0.312,50.0,232.0,3.6,5.3,-1.8,0.2,-1.6,50-104,-2.0,25-50,23-56,16-22,31-81,17-25,15-51,33-55,4-6,
1930 AL,1,Philadelphia Athletics,102,52,0.662,--,,6.2,4.9,1.3,-0.2,1.1,93-61,9.0,58-18,44-34,25-14,86-44,16-8,37-29,65-23,6-1,
1930 AL,2,Washington Nationals,94,60,0.61,8.0,8.0,5.8,4.5,1.3,-0.2,1.2,95-59,-1.0,56-21,38-39,23-21,61-37,33-23,41-25,53-35,6-5,
1930 AL,3,New York Yankees,86,68,0.558,16.0,24.0,6.9,5.8,1.1,-0.1,0.9,89-65,-3.0,47-29,39-39,17-24,62-50,24-18,27-39,59-29,6-5,
1930 AL,4,Cleveland Indians,81,73,0.526,21.0,39.0,5.8,5.9,-0.2,0.0,-0.1,75-79,6.0,44-33,37-40,21-18,63-50,18-23,27-39,54-34,4-7,
1930 AL,5,Detroit Tigers,75,79,0.487,27.0,63.0,5.1,5.4,-0.3,0.0,-0.3,73-81,2.0,45-33,30-46,26-20,62-60,13-19,37-51,38-28,7-4,
1930 AL,6,St. Louis Browns,64,90,0.416,38.0,118.0,4.9,5.8,-0.9,0.1,-0.8,65-89,-1.0,38-40,26-50,24-23,51-72,13-18,30-58,34-32,8-11,
1930 AL,7,Chicago White Sox,62,92,0.403,40.0,130.0,4.7,5.7,-1.0,0.1,-0.9,64-90,-2.0,34-44,28-48,23-20,49-70,13-22,32-56,30-36,10-5,
1930 AL,8,Boston Red Sox,52,102,0.338,50.0,200.0,4.0,5.3,-1.3,0.2,-1.1,57-97,-5.0,30-46,22-56,17-36,42-76,10-26,22-66,30-36,4-13,
1875 NA_Season,1,Boston Red Stockings,71,8,0.899,--,,10.1,4.2,6.0,-0.8,5.1,66-13,5.0,37-0,34-8,7-2,60-8,5-0,30-5,41-3,,
1875 NA_Season,2,Hartford Dark Blues,54,28,0.659,18.5,22.0,6.5,4.0,2.5,-0.8,1.7,58-24,-4.0,26-11,28-17,5-6,45-27,4-0,14-21,40-7,,
1875 NA_Season,3,Philadelphia Athletics,53,20,0.726,15.0,15.0,9.1,5.2,3.9,-0.4,3.4,54-19,-1.0,28-7,25-13,6-2,44-19,4-0,19-15,34-5,,
1875 NA_Season,4,St. Louis Brown Stockings,39,29,0.574,26.5,46.0,5.5,5.3,0.2,0.2,0.5,35-33,4.0,21-12,18-17,7-4,38-29,0-0,13-23,26-6,,
1875 NA_Season,5,Philadelphia Whites,37,31,0.544,28.5,54.0,6.7,5.4,1.3,-0.1,1.3,41-27,-4.0,16-16,21-15,7-8,29-30,4-0,11-23,26-8,,
1875 NA_Season,6,Chicago White Stockings,30,37,0.448,35.0,86.5,5.5,6.0,-0.5,0.6,0.1,31-36,-1.0,16-16,14-21,5-5,27-37,2-0,15-33,15-4,,
1875 NA_Season,7,New York Mutuals,30,38,0.441,35.5,89.5,4.6,6.0,-1.4,0.4,-1.0,26-42,4.0,13-21,17-17,7-4,21-37,3-0,10-34,20-4,,
1875 NA_Season,8,New Haven Elm Citys,7,40,0.149,48.0,218.0,3.6,8.4,-4.8,0.3,-4.5,8-39,-1.0,3-24,4-16,1-8,6-37,0-1,3-26,4-14,,
1875 NA_Season,9,Washington Nationals,5,23,0.179,40.5,135.5,3.8,12.1,-8.3,0.6,-7.7,3-25,2.0,2-10,3-13,2-0,3-22,0-0,0-20,5-3,,
1875 NA_Season,10,St. Louis Red Stockings,4,15,0.211,37.0,100.5,3.2,8.5,-5.3,-1.3,-6.6,3-16,1.0,3-11,1-4,0-2,4-15,0-0,0-7,4-8,,
1875 NA_Season,11,Philadelphia Centennials,2,12,0.143,36.5,96.5,5.0,9.9,-4.9,2.1,-2.7,3-11,-1.0,0-7,2-5,0-1,2-12,0-0,1-10,1-2,,
1875 NA_Season,12,Brooklyn Atlantics,2,42,0.045,51.5,260.0,3.0,10.0,-7.0,1.4,-5.6,4-40,-2.0,1-26,1-16,1-3,1-40,0-0,0-32,2-10,,
1875 NA_Season,13,Keokuk Westerns,1,12,0.077,37.0,100.5,3.5,6.8,-3.3,-1.0,-4.3,3-10,-2.0,1-7,0-5,0-3,1-10,0-0,0-5,1-7,,
1935 NL,1,Chicago Cubs,100,54,0.649,--,,5.5,3.9,1.6,-0.2,1.4,101-53,-1.0,56-21,44-33,25-23,83-47,17-7,37-29,63-25,11-10,
1935 NL,2,St. Louis Cardinals,96,58,0.623,4.0,4.0,5.4,4.1,1.3,-0.2,1.2,96-58,0.0,53-24,43-34,23-22,75-49,21-9,33-33,63-25,12-6,
1935 NL,3,New York Giants,91,62,0.595,8.5,13.0,4.9,4.3,0.6,-0.1,0.5,86-67,5.0,50-27,41-35,23-11,75-46,16-16,36-30,55-32,13-6,
1935 NL,4,Pittsburgh Pirates,86,67,0.562,13.5,28.0,4.9,4.2,0.6,-0.1,0.6,86-67,0.0,46-31,40-36,23-17,45-40,41-27,26-40,60-27,3-6,
1935 NL,5,Brooklyn Dodgers,70,83,0.458,29.5,92.0,4.6,5.0,-0.4,0.0,-0.3,71-82,-1.0,38-38,32-45,15-21,59-67,11-16,31-57,39-26,5-8,
1935 NL,6,Cincinnati Reds,68,85,0.444,31.5,102.0,4.2,5.0,-0.8,0.1,-0.7,64-89,4.0,41-35,27-50,21-15,56-65,12-20,32-55,36-30,5-8,
1935 NL,7,Philadelphia Phillies,64,89,0.418,35.5,126.0,4.4,5.6,-1.2,0.2,-1.0,60-93,4.0,35-43,29-46,23-20,48-59,16-30,32-56,32-33,6-5,
1935 NL,8,Boston Braves,38,115,0.248,61.5,308.0,3.8,5.6,-1.8,0.2,-1.6,50-103,-12.0,25-50,13-65,7-31,32-93,6-22,14-73,24-42,1-7,
1871 NA_Season,1,Philadelphia Athletics,21,7,0.75,--,,13.4,9.5,3.9,-0.2,3.7,18-10,3.0,11-3,10-4,3-0,16-7,4-0,7-5,14-2,,
1871 NA_Season,2,Boston Red Stockings,20,10,0.667,2.0,2.0,12.9,9.8,3.2,-0.2,2.9,19-11,1.0,11-5,9-5,1-3,16-8,3-2,7-5,13-5,,
1871 NA_Season,3,Chicago White Stockings,19,9,0.679,2.0,2.0,10.8,8.6,2.2,0.1,2.3,17-11,2.0,13-4,6-5,1-0,18-8,1-1,8-6,11-3,,
1871 NA_Season,4,New York Mutuals,16,17,0.485,7.5,19.0,9.2,9.5,-0.3,0.0,-0.4,16-17,0.0,12-7,4-10,1-3,14-13,1-3,8-9,8-8,,
1871 NA_Season,5,Washington Olympics,15,15,0.5,7.0,17.0,9.7,9.5,0.2,0.1,0.3,15-15,0.0,8-6,7-9,1-1,12-13,3-2,3-9,12-6,,
1871 NA_Season,6,Troy Haymakers,13,15,0.464,8.0,21.5,12.1,12.5,-0.4,0.0,-0.3,14-14,-1.0,7-9,6-6,2-0,13-15,0-0,5-10,8-5,,
1871 NA_Season,7,Cleveland Forest Citys,10,19,0.345,11.5,44.5,8.6,11.8,-3.2,0.1,-3.1,10-19,0.0,3-10,7-9,3-0,8-17,2-2,2-11,8-8,,
1871 NA_Season,8,Fort Wayne Kekiongas,7,12,0.368,9.5,30.5,7.2,12.8,-5.6,0.2,-5.4,5-14,2.0,5-4,2-8,0-0,6-11,1-1,1-8,6-4,,
1871 NA_Season,9,Rockford Forest Citys,4,21,0.16,15.5,76.5,9.2,11.5,-2.2,0.1,-2.2,10-15,-6.0,3-4,1-17,0-5,3-19,1-2,0-12,4-9,,
1915 FL_Season,1,Chicago Whales,86,66,0.566,--,,4.1,3.5,0.7,-0.1,0.6,88-64,-2.0,44-32,42-34,26-24,67-48,19-18,44-42,42-24,10-6,
1915 FL_Season,2,St. Louis Terriers,87,67,0.565,--,,4.0,3.3,0.7,-0.1,0.6,90-64,-3.0,43-34,44-33,30-22,69-51,18-16,46-42,41-25,5-7,
1915 FL_Season,3,Pittsburgh Rebels,86,67,0.562,0.5,1.0,3.8,3.4,0.4,0.0,0.4,85-68,1.0,45-31,41-36,23-20,69-51,17-16,43-44,43-23,8-5,
1915 FL_Season,4,Kansas City Packers,81,72,0.529,5.5,16.0,3.6,3.6,0.0,0.0,0.0,76-77,5.0,46-31,35-41,33-23,67-58,14-14,41-46,40-26,4-6,
1915 FL_Season,5,Newark Pepper,80,72,0.526,6.0,18.0,3.8,3.6,0.1,0.0,0.1,79-73,1.0,40-39,40-33,23-27,51-43,29-29,43-43,37-29,8-6,
1915 FL_Season,6,Buffalo Blues,74,78,0.487,12.0,48.0,3.8,4.1,-0.4,0.1,-0.3,69-83,5.0,37-40,37-38,24-20,66-69,8-9,49-61,25-17,4-5,
1915 FL_Season,7,Brooklyn Tip-Tops,70,82,0.461,16.0,72.0,4.2,4.4,-0.2,0.0,-0.1,73-79,-3.0,34-40,36-42,17-24,43-46,27-36,46-64,24-18,8-3,
1915 FL_Season,8,Baltimore Terrapins,47,107,0.305,40.0,240.0,3.6,4.9,-1.4,0.2,-1.2,55-99,-8.0,24-51,23-56,15-31,39-85,8-22,32-78,15-29,4-13,
1930 NL,1,St. Louis Cardinals,92,62,0.597,--,,6.5,5.1,1.4,-0.2,1.3,94-60,-2.0,53-24,39-38,23-31,64-41,28-21,43-45,49-17,4-7,
1930 NL,2,Chicago Cubs,90,64,0.584,2.0,2.0,6.4,5.6,0.8,-0.1,0.7,87-67,3.0,51-26,39-38,27-20,71-48,19-16,46-42,44-22,10-2,
1930 NL,3,New York Giants,87,67,0.565,5.0,8.0,6.2,5.3,0.9,-0.1,0.8,88-66,-1.0,46-31,41-36,20-23,65-50,22-17,45-43,42-24,7-6,
1930 NL,4,Brooklyn Robins,86,68,0.558,6.0,11.0,5.7,4.8,0.9,-0.1,0.8,89-65,-3.0,49-28,37-40,18-23,48-43,38-25,45-43,41-25,6-8,
1930 NL,5,Pittsburgh Pirates,80,74,0.519,12.0,35.0,5.8,6.0,-0.2,0.0,-0.2,74-80,6.0,42-35,38-39,24-15,52-43,28-31,41-47,39-27,6-6,
1930 NL,6,Boston Braves,70,84,0.455,22.0,85.0,4.5,5.4,-0.9,0.1,-0.8,64-90,6.0,39-38,31-46,34-22,44-58,26-26,43-67,27-17,9-4,
1930 NL,7,Cincinnati Reds,59,95,0.383,33.0,151.0,4.3,5.6,-1.2,0.2,-1.1,59-95,0.0,37-40,22-55,26-28,51-68,8-27,38-72,21-23,1-6,
1930 NL,8,Philadelphia Phillies,52,102,0.338,40.0,200.0,6.1,7.7,-1.6,0.2,-1.4,60-94,-8.0,35-42,17-60,18-28,28-74,24-28,34-76,18-26,3-7,
1925 AL,1,Washington Nationals,96,55,0.636,--,,5.5,4.4,1.0,-0.1,0.9,90-61,6.0,53-22,43-33,27-11,67-40,29-15,49-37,47-18,8-4,
1925 AL,2,Philadelphia Athletics,88,64,0.579,8.5,8.5,5.4,4.7,0.8,-0.1,0.7,87-65,1.0,51-26,37-38,22-23,68-46,20-18,47-39,41-25,8-5,
1925 AL,3,St. Louis Browns,82,71,0.536,15.0,21.5,5.8,5.9,0.0,0.0,0.0,76-77,6.0,45-32,37-39,26-16,48-45,34-26,44-44,38-27,8-5,
1925 AL,4,Detroit Tigers,81,73,0.526,16.5,26.0,5.8,5.3,0.5,-0.1,0.4,83-71,-2.0,43-34,38-39,20-19,54-52,27-21,39-49,42-24,5-10,
1925 AL,5,Chicago White Sox,79,75,0.513,18.5,34.0,5.3,5.0,0.3,0.0,0.2,81-73,-2.0,44-33,35-42,18-20,52-47,27-28,39-49,40-26,6-9,
1925 AL,6,Cleveland Indians,70,84,0.455,27.5,79.0,5.0,5.3,-0.2,0.0,-0.2,74-80,-4.0,37-39,33-45,24-28,49-56,21-28,45-65,25-19,8-7,
1925 AL,7,New York Yankees,69,85,0.448,28.5,85.0,4.5,5.0,-0.4,0.1,-0.4,71-83,-2.0,42-36,27-49,21-32,36-53,33-32,44-66,25-19,9-8,
1925 AL,8,Boston Red Sox,47,105,0.309,49.5,232.0,4.2,6.1,-1.9,0.2,-1.6,51-101,-4.0,28-47,19-58,15-24,27-72,20-33,31-77,16-28,4-8,
1920 NNL_Season,1,Chicago American Giants,43,17,0.717,--,,5.0,3.2,1.8,,,,,,,,,,,,,2.0
1920 NNL_Season,2,Kansas City Monarchs,44,33,0.571,7.5,7.5,5.1,4.5,0.6,,,,,,,,,,,,,2.0
1920 NNL_Season,3,Detroit Stars,37,27,0.578,8.0,8.5,5.0,4.4,0.6,,,,,,,,,,,,,0.0
1920 NNL_Season,4,Indianapolis ABCs,44,38,0.537,10.0,14.5,4.5,4.8,-0.3,,,,,,,,,,,,,4.0
1920 NNL_Season,5,Cuban Stars West,35,34,0.507,12.5,24.5,4.7,4.1,0.6,,,,,,,,,,,,,0.0
1920 NNL_Season,6,St. Louis Giants,32,40,0.444,17.0,47.0,3.9,4.7,-0.8,,,,,,,,,,,,,0.0
1920 NNL_Season,7,Dayton Marcos,16,36,0.308,23.0,83.0,3.8,5.8,-2.0,,,,,,,,,,,,,0.0
1920 NNL_Season,8,Chicago Giants,5,31,0.139,26.0,104.0,3.5,6.0,-2.5,,,,,,,,,,,,,0.0
1920 NL,1,Brooklyn Robins,93,61,0.604,--,,4.3,3.4,0.9,-0.1,0.7,93-61,0.0,49-29,44-32,27-28,73-46,20-15,37-29,56-32,10-7,
1920 NL,2,New York Giants,86,68,0.558,7.0,7.0,4.4,3.5,0.9,-0.1,0.8,93-61,-7.0,45-35,41-33,24-21,52-46,34-22,36-30,50-38,11-7,
1920 NL,3,Cincinnati Reds,82,71,0.536,10.5,14.0,4.1,3.7,0.5,-0.1,0.4,85-68,-3.0,42-34,40-37,23-23,55-52,27-19,30-36,52-35,8-11,
1920 NL,4,Pittsburgh Pirates,79,75,0.513,14.0,24.5,3.4,3.6,-0.1,0.0,-0.1,74-80,5.0,42-35,37-40,29-23,57-50,22-25,29-37,50-38,13-9,
1920 NL,5,Chicago Cubs,75,79,0.487,18.0,40.5,4.0,4.1,-0.1,0.0,-0.1,75-79,0.0,43-34,32-45,19-23,53-54,22-25,36-52,39-27,9-8,
1920 NL,6,St. Louis Cardinals,75,79,0.487,18.0,40.5,4.4,4.4,0.0,0.0,0.0,76-78,-1.0,38-38,37-41,23-25,56-57,19-22,38-50,37-29,12-14,
1920 NL,7,Boston Braves,62,90,0.408,30.0,112.5,3.4,4.4,-1.0,0.1,-0.8,59-93,3.0,36-37,26-53,26-26,41-59,21-31,34-53,28-37,10-11,
1920 NL,8,Philadelphia Phillies,62,91,0.405,30.5,116.0,3.7,4.7,-1.0,0.1,-0.9,60-93,2.0,32-45,30-46,22-24,42-65,20-26,35-53,27-38,8-14,
1905 AL,1,Philadelphia Athletics,92,56,0.622,--,,4.1,3.2,0.9,-0.1,0.8,90-58,2.0,51-22,41-34,32-28,73-44,19-12,40-25,52-31,,
1905 AL,2,Chicago White Sox,92,60,0.605,2.0,2.0,3.9,2.9,1.0,-0.1,0.9,97-55,-5.0,50-29,42-31,31-20,70-40,22-20,36-29,56-31,,
1905 AL,3,Detroit Tigers,79,74,0.516,15.5,29.0,3.3,3.9,-0.6,0.1,-0.5,65-88,14.0,45-30,34-44,32-16,61-46,18-28,32-34,47-40,,
1905 AL,4,Boston Americans,78,74,0.513,16.0,30.5,3.8,3.7,0.1,0.0,0.1,78-74,0.0,44-32,34-42,24-28,60-47,18-27,23-43,55-31,,
1905 AL,5,Cleveland Napoleons,76,78,0.494,19.0,42.5,3.6,3.8,-0.1,0.0,-0.1,74-80,2.0,41-36,35-42,23-19,60-52,16-26,36-52,40-26,,
1905 AL,6,New York Highlanders,71,78,0.477,21.5,55.0,3.9,4.1,-0.2,0.0,-0.2,71-78,0.0,40-35,31-43,20-22,59-50,12-28,31-52,40-26,,
1905 AL,7,Washington Nationals,64,87,0.424,29.5,103.0,3.6,4.0,-0.4,0.1,-0.4,68-83,-4.0,33-42,31-45,21-32,54-70,10-17,36-49,28-38,,
1905 AL,8,St. Louis Browns,54,99,0.353,40.5,180.0,3.3,3.9,-0.6,0.1,-0.5,65-88,-11.0,34-42,20-57,17-35,33-75,21-24,30-57,24-42,,
1890 NL,1,Louisville Colonels,88,44,0.667,,,6.1,4.4,1.7,-0.3,1.5,85-47,3.0,57-13,31-31,19-7,53-20,25-16,42-33,46-11,,
1890 NL,2,Brooklyn Bridegrooms,86,43,0.667,,,6.9,4.8,2.0,-0.3,1.7,85-44,1.0,58-16,28-27,14-4,69-40,17-3,41-30,45-13,,
1890 NL,3,Boston Reds,81,48,0.628,,,7.8,5.9,1.9,-0.3,1.5,81-48,0.0,48-21,33-27,17-8,69-41,8-6,45-29,36-19,,
1890 NL,4,Chicago Colts,83,53,0.61,,,6.1,5.0,1.1,-0.1,1.0,80-56,3.0,48-24,35-29,20-10,71-47,12-5,40-37,43-16,,
1890 NL,5,Columbus Solons,79,55,0.59,,,5.9,4.4,1.5,-0.2,1.4,85-49,-6.0,47-22,32-33,11-16,50-37,18-18,45-32,34-23,,
1890 NL,6,Brooklyn Ward's Wonders,76,56,0.576,,,7.2,6.7,0.5,-0.1,0.4,71-61,5.0,46-19,30-37,20-15,58-39,12-15,38-36,38-20,,
1890 NL,7,Philadelphia Phillies,78,53,0.595,,,6.2,5.3,0.9,-0.1,0.8,75-56,3.0,54-21,24-32,17-9,59-48,17-5,36-40,42-13,,
1890 NL,8,St. Louis Browns,77,58,0.57,,,6.3,5.3,1.0,-0.1,0.8,78-57,-1.0,44-25,33-33,15-11,50-33,16-14,40-36,37-22,,
1890 NL,9,New York Giants,74,57,0.565,,,7.7,6.6,1.1,-0.2,0.9,75-56,-1.0,47-19,27-38,13-13,60-41,14-13,32-40,42-17,,
1890 NL,10,Cincinnati Reds,77,55,0.583,,,5.6,4.7,0.9,-0.1,0.8,76-56,1.0,50-23,27-32,10-11,57-48,17-7,34-41,43-14,,
1890 NL,11,Chicago White Stockings,75,62,0.547,,,6.4,5.6,0.8,-0.1,0.7,77-60,-2.0,46-23,29-39,13-18,61-54,12-8,36-41,39-21,,
1890 NL,12,Toledo Maumees,68,64,0.515,,,5.5,5.1,0.4,-0.1,0.3,70-62,-2.0,40-27,28-37,17-21,41-42,16-14,31-42,37-22,,
1890 NL,13,Boston,76,57,0.571,,,5.7,4.4,1.3,-0.2,1.1,82-51,-6.0,43-23,33-34,21-17,59-53,17-4,36-39,40-18,,
1890 NL,14,Philadelphia Athletics,68,63,0.519,,,7.1,6.5,0.7,-0.1,0.5,71-60,-3.0,35-30,33-33,10-19,53-49,13-13,34-39,34-24,,
1890 NL,15,Rochester Broncos,63,63,0.5,,,5.3,5.3,0.0,0.0,0.0,63-63,0.0,40-22,23-41,12-14,34-48,22-12,29-44,34-19,,
1890 NL,16,New York Giants,63,68,0.481,,,5.3,5.2,0.1,-0.1,0.0,67-64,-4.0,37-27,26-41,11-21,49-60,14-8,34-59,29-9,,
1890 NL,17,Pittsburgh Burghers,60,68,0.469,,,6.5,7.1,-0.6,0.1,-0.4,59-69,1.0,37-28,23-40,11-10,42-55,15-13,38-56,22-12,,
1890 NL,18,Baltimore Orioles,15,19,0.441,,,4.8,5.1,-0.3,0.4,0.1,16-18,-1.0,8-11,7-8,2-5,4-12,5-3,12-15,3-4,,
1890 NL,19,Syracuse Stars,55,72,0.433,,,5.5,6.5,-1.0,0.1,-1.0,53-74,2.0,30-30,25-42,19-16,29-43,15-21,34-56,21-16,,
1890 NL,20,Cleveland Infants,55,75,0.423,,,6.5,7.8,-1.4,0.3,-1.1,54-76,1.0,31-30,24-45,17-14,41-58,11-12,39-59,16-16,,
1890 NL,21,Cleveland Spiders,44,88,0.333,,,4.6,6.1,-1.5,0.2,-1.3,50-82,-6.0,30-37,14-51,9-21,38-79,5-9,26-70,18-18,,
1890 NL,22,Philadelphia Athletics,54,78,0.409,,,5.3,7.2,-1.8,0.3,-1.6,48-84,6.0,36-36,18-42,13-16,33-51,14-22,32-67,22-11,,
1890 NL,23,Buffalo Bisons,36,96,0.273,,,5.9,8.9,-3.0,0.4,-2.6,42-90,-6.0,23-42,13-54,5-9,18-59,14-34,24-74,12-22,,
1890 NL,24,Allegheny City,23,113,0.169,,,4.3,8.9,-4.6,0.6,-4.0,28-108,-5.0,14-25,9-88,4-13,18-101,5-12,14-84,9-29,,
1890 NL,25,Brooklyn Gladiators,26,73,0.263,,,4.9,7.3,-2.4,0.2,-2.2,32-67,-6.0,15-22,11-50,12-14,14-49,9-14,19-50,7-22,,
1930 NNL_Season,1,St. Louis Stars,69,25,0.734,--,,7.8,5.0,2.9,,,,,,,,,,,,,1.0
1930 NNL_Season,2,Kansas City Monarchs,40,23,0.635,13.5,13.5,5.8,4.8,1.0,,,,,,,,,,,,,0.0
1930 NNL_Season,3,Detroit Stars,52,37,0.584,14.5,15.5,5.2,4.7,0.4,,,,,,,,,,,,,0.0
1930 NNL_Season,4,Chicago American Giants,53,49,0.52,20.0,32.0,4.3,5.7,-1.4,,,,,,,,,,,,,0.0
1930 NNL_Season,5,Birmingham Black Barons,46,48,0.489,23.0,44.0,4.8,5.2,-0.4,,,,,,,,,,,,,2.0
1930 NNL_Season,6,Louisville Black Caps,16,28,0.364,28.0,69.0,3.7,6.0,-2.2,,,,,,,,,,,,,0.0
1930 NNL_Season,7,Cuban Stars West,25,41,0.379,30.0,81.0,4.4,4.7,-0.3,,,,,,,,,,,,,0.0
1930 NNL_Season,8,Memphis Red Sox,30,51,0.37,32.5,98.5,4.8,6.2,-1.5,,,,,,,,,,,,,0.0
1930 NNL_Season,9,Nashville Elite Giants,26,55,0.321,36.5,130.5,4.0,6.8,-2.8,,,,,,,,,,,,,1.0
1925 NNL_Season,1,Kansas City Monarchs,59,23,0.72,--,,5.6,3.6,2.0,,,,,,,,,,,,,2.0
1925 NNL_Season,2,St. Louis Stars,59,30,0.663,3.5,3.5,7.1,5.2,1.9,,,,,,,,,,,,,2.0
1925 NNL_Season,3,Chicago American Giants,57,41,0.582,10.0,16.5,4.4,4.0,0.4,,,,,,,,,,,,,2.0
1925 NNL_Season,4,Detroit Stars,56,44,0.56,12.0,22.5,6.6,5.9,0.7,,,,,,,,,,,,,0.0
1925 NNL_Season,5,Cuban Stars West,20,30,0.4,23.0,66.5,5.7,6.7,-1.0,,,,,,,,,,,,,0.0
1925 NNL_Season,6,Memphis Red Sox,34,49,0.41,25.5,79.0,4.4,5.4,-1.0,,,,,,,,,,,,,1.0
1925 NNL_Season,7,Birmingham Black Barons,27,59,0.314,34.0,130.0,4.9,6.7,-1.8,,,,,,,,,,,,,1.0
1925 NNL_Season,8,Indianapolis ABCs,17,53,0.243,36.0,144.0,4.6,7.8,-3.2,,,,,,,,,,,,,0.0
1900 NL,1,Brooklyn Superbas,82,54,0.603,,,5.8,5.1,0.7,-0.1,0.6,76-60,6.0,43-26,39-28,18-17,62-46,19-8,18-19,64-35,,
1900 NL,2,Pittsburgh Pirates,79,60,0.568,,,5.2,4.4,0.9,-0.1,0.8,81-58,-2.0,42-28,37-32,20-24,64-41,15-19,22-17,57-43,,
1900 NL,3,Philadelphia Phillies,75,63,0.543,,,5.7,5.6,0.1,0.0,0.1,70-68,5.0,45-23,30-40,21-10,64-51,11-12,17-21,58-42,,
1900 NL,4,Boston,66,72,0.478,,,5.5,5.2,0.3,0.0,0.3,72-66,-6.0,42-29,24-43,18-19,53-58,13-14,18-42,48-30,,
1900 NL,5,St. Louis Cardinals,65,75,0.464,,,5.3,5.3,0.0,0.0,0.0,70-70,-5.0,40-31,25-44,14-25,52-58,13-16,24-36,41-39,,
1900 NL,6,Chicago Orphans,65,75,0.464,,,4.3,5.1,-0.8,0.1,-0.7,59-81,6.0,45-30,20-45,22-13,49-60,16-15,27-33,38-42,,
1900 NL,7,Cincinnati Reds,62,77,0.446,,,4.9,5.2,-0.3,0.0,-0.3,66-73,-4.0,27-34,35-43,23-23,51-66,11-11,25-34,37-43,,
1900 NL,8,New York Giants,60,78,0.435,,,5.1,5.8,-0.8,0.1,-0.7,60-78,0.0,38-31,22-47,18-23,42-65,18-13,26-34,34-44,,
1910 NL,1,Chicago Cubs,104,50,0.675,--,,4.6,3.2,1.4,-0.2,1.2,101-53,3.0,58-19,46-31,31-18,80-32,24-18,40-26,64-24,,
1910 NL,2,New York Giants,91,63,0.591,13.0,13.0,4.6,3.7,1.0,-0.1,0.8,93-61,-2.0,52-26,39-37,28-21,58-42,33-21,35-31,56-32,,
1910 NL,3,Pittsburgh Pirates,86,67,0.562,17.5,22.0,4.3,3.7,0.5,-0.1,0.4,85-68,1.0,46-30,40-37,23-22,70-57,16-10,31-35,55-32,,
1910 NL,4,Philadelphia Phillies,78,75,0.51,25.5,46.0,4.3,4.1,0.2,0.0,0.2,80-73,-2.0,40-36,38-39,20-19,63-62,15-13,26-40,52-35,,
1910 NL,5,Cincinnati Reds,75,79,0.487,29.0,60.0,4.0,4.4,-0.4,0.0,-0.4,70-84,5.0,39-37,36-42,23-18,67-73,8-6,34-54,41-25,,
1910 NL,6,Brooklyn Superbas,64,90,0.416,40.0,115.0,3.2,4.0,-0.8,0.1,-0.7,61-93,3.0,39-39,25-51,19-33,43-69,21-21,33-55,31-35,,
1910 NL,7,St. Louis Cardinals,63,90,0.412,40.5,118.0,4.2,4.7,-0.5,0.1,-0.5,68-85,-5.0,35-41,28-49,18-20,50-67,13-23,33-54,30-36,,
1910 NL,8,Boston Doves,53,100,0.346,50.5,188.0,3.2,4.5,-1.3,0.2,-1.1,53-100,0.0,29-48,24-52,17-28,47-84,6-16,23-64,30-36,,
1890 AA_Season,1,Louisville Colonels,88,44,0.667,--,,6.1,4.4,1.7,-0.3,1.5,85-47,3.0,57-13,31-31,19-7,53-20,25-16,42-33,46-11,,
1890 AA_Season,2,Columbus Solons,79,55,0.59,10.0,10.0,5.9,4.4,1.5,-0.2,1.4,85-49,-6.0,47-22,32-33,11-16,50-37,18-18,45-32,34-23,,
1890 AA_Season,3,St. Louis Browns,77,58,0.57,12.5,15.0,6.3,5.3,1.0,-0.1,0.8,78-57,-1.0,44-25,33-33,15-11,50-33,16-14,40-36,37-22,,
1890 AA_Season,4,Toledo Maumees,68,64,0.515,20.0,37.5,5.5,5.1,0.4,-0.1,0.3,70-62,-2.0,40-27,28-37,17-21,41-42,16-14,31-42,37-22,,
1890 AA_Season,5,Rochester Broncos,63,63,0.5,22.0,45.5,5.3,5.3,0.0,0.0,0.0,63-63,0.0,40-22,23-41,12-14,34-48,22-12,29-44,34-19,,
1890 AA_Season,6,Baltimore Orioles,15,19,0.441,24.0,55.5,4.8,5.1,-0.3,0.4,0.1,16-18,-1.0,8-11,7-8,2-5,4-12,5-3,12-15,3-4,,
1890 AA_Season,7,Syracuse Stars,55,72,0.433,30.5,94.5,5.5,6.5,-1.0,0.1,-1.0,53-74,2.0,30-30,25-42,19-16,29-43,15-21,34-56,21-16,,
1890 AA_Season,8,Philadelphia Athletics,54,78,0.409,34.0,119.0,5.3,7.2,-1.8,0.3,-1.6,48-84,6.0,36-36,18-42,13-16,33-51,14-22,32-67,22-11,,
1890 AA_Season,9,Brooklyn Gladiators,26,73,0.263,45.5,211.0,4.9,7.3,-2.4,0.2,-2.2,32-67,-6.0,15-22,11-50,12-14,14-49,9-14,19-50,7-22,,
1880 NL,1,Chicago White Stockings,67,17,0.798,,,6.3,3.7,2.6,-0.3,2.2,61-23,6.0,37-5,30-12,12-4,53-14,14-3,17-7,50-10,,
1880 NL,2,Providence Grays,52,32,0.619,,,4.8,3.4,1.4,-0.2,1.2,55-29,-3.0,31-12,21-20,11-12,47-25,5-7,12-12,40-20,,
1880 NL,3,Cleveland Blues,47,37,0.56,,,4.6,4.0,0.6,-0.1,0.5,47-37,0.0,24-19,23-18,11-8,39-32,8-5,7-17,40-20,,
1880 NL,4,Troy Trojans,41,42,0.494,,,4.7,5.3,-0.6,0.1,-0.5,37-46,4.0,20-21,21-21,8-11,34-30,7-12,10-26,31-16,,
1880 NL,5,Worcester Ruby Legs,40,43,0.482,,,4.8,4.4,0.5,0.0,0.5,46-37,-6.0,24-17,16-26,10-10,38-42,2-1,14-22,26-21,,
1880 NL,6,Boston,40,44,0.476,,,4.8,5.3,-0.5,0.0,-0.4,38-46,2.0,25-17,15-27,13-8,36-41,4-3,13-23,27-21,,
1880 NL,7,Buffalo Bisons,24,58,0.293,,,3.9,5.9,-2.0,0.2,-1.8,26-56,-2.0,13-28,11-30,10-13,16-53,8-4,6-30,18-28,,
1880 NL,8,Cincinnati Stars,21,59,0.263,,,3.6,5.7,-2.1,0.3,-1.8,24-56,-3.0,14-25,7-34,4-13,16-50,5-9,7-29,14-30,,
1915 AL,1,Boston Red Sox,101,50,0.669,--,,4.3,3.2,1.1,-0.1,0.9,95-56,6.0,55-20,46-30,29-21,66-36,35-14,41-24,60-26,7-4,
1915 AL,2,Detroit Tigers,100,54,0.649,2.5,2.5,5.0,3.8,1.2,-0.2,1.0,95-59,5.0,51-26,49-28,34-16,66-35,34-19,36-30,64-24,8-6,
1915 AL,3,Chicago White Sox,93,61,0.604,9.5,16.5,4.6,3.3,1.3,-0.2,1.2,100-54,-7.0,54-24,39-37,23-26,64-45,29-16,25-41,68-20,6-4,
1915 AL,4,Washington Nationals,85,68,0.556,17.0,39.0,3.7,3.2,0.5,-0.1,0.4,87-66,-2.0,50-29,35-39,25-23,67-51,18-17,29-36,56-32,9-6,
1915 AL,5,New York Yankees,69,83,0.454,32.5,101.0,3.8,3.8,0.0,0.0,0.0,76-76,-7.0,37-43,32-40,22-32,46-55,23-28,33-55,36-28,7-8,
1915 AL,6,St. Louis Browns,63,91,0.409,39.5,136.0,3.3,4.3,-1.0,0.1,-0.9,59-95,4.0,35-38,28-53,23-20,49-70,14-21,27-61,36-30,6-6,
1915 AL,7,Cleveland Indians,57,95,0.375,44.5,166.0,3.5,4.4,-0.9,0.1,-0.8,61-91,-4.0,27-50,30-45,21-30,42-74,15-21,21-65,36-30,3-10,
1915 AL,8,Philadelphia Athletics,43,109,0.283,58.5,264.0,3.5,5.8,-2.2,0.3,-2.0,44-108,-1.0,19-53,24-56,18-27,31-82,12-27,21-67,22-42,3-5,
