Year,League,Tm,#Bat,BatAge,R/G,G,PA,AB,R,H,2B,3B,HR,RBI,SB,CS,BB,SO,BA,OBP,SLG,OPS,OPS+,TB,GDP,HBP,SH,SF,IBB,LOB
1930,NNL,Birmingham Black Barons,30,23.9,4.81,74,2563,2400,356,682,82,55,29,317,76,,163,,.284,.330,.400,.730,97,961,,0,,,,
1930,NNL,Chicago American Giants,34,28.8,4.35,81,2862,2618,352,694,89,35,15,312,31,,241,,.265,.328,.343,.671,82,898,,3,,,,
1930,NNL,Cuban Stars West,14,23.9,4.38,48,1731,1575,210,372,43,22,21,189,36,,152,,.236,.305,.331,.636,72,522,,4,,,,
1930,NNL,Detroit Stars,19,27.4,5.18,72,2557,2364,373,640,103,57,25,339,61,,193,,.271,.326,.394,.720,94,932,,0,,,,
1930,NNL,Kansas City Monarchs,18,28.2,5.78,67,2524,2285,387,644,120,38,23,339,75,,235,,.282,.350,.398,.748,102,909,,4,,,,
1930,NNL,Louisville Black Caps,21,22.0,3.74,23,816,756,86,172,24,11,6,71,9,,58,,.228,.284,.312,.596,61,236,,2,,,,
1930,NNL,Memphis Red Sox,36,25.5,4.77,71,2555,2387,339,664,107,39,13,309,42,,167,,.278,.326,.372,.698,88,888,,1,,,,
1930,NNL,Nashville Elite Giants,30,22.8,4.02,46,1617,1511,185,384,56,25,13,172,21,,106,,.254,.303,.350,.653,76,529,,0,,,,
1930,NNL,St. Louis Stars,19,28.1,7.83,93,3611,3256,728,1045,161,49,76,665,82,,345,,.321,.388,.471,.858,131,1532,,10,,,,
1925,NNL,Indianapolis ABCs,35,22.7,4.58,57,2072,1919,261,482,59,28,21,242,37,,153,222,.251,.306,.344,.650,74,660,,,,,,
1925,NNL,Birmingham Black Barons,31,26.8,4.95,76,2805,2647,376,710,92,42,33,353,61,,158,265,.268,.309,.372,.682,82,985,,,,,,
1925,NNL,Chicago American Giants,31,28.8,4.45,89,3120,2834,396,683,99,31,20,353,59,,286,292,.241,.311,.319,.630,70,904,,,,,,
1925,NNL,Cuban Stars West,17,23.5,5.67,43,1673,1530,244,402,71,20,19,224,34,,143,190,.263,.326,.373,.698,87,570,,,,,,
1925,NNL,Detroit Stars,25,23.1,6.61,95,3590,3277,628,945,146,70,83,604,128,,313,330,.288,.350,.452,.802,114,1480,,,,,,
1925,NNL,Kansas City Monarchs,18,28.4,5.59,80,2959,2701,447,762,116,68,20,439,79,,258,303,.282,.345,.398,.742,99,1074,,,,,,
1925,NNL,Memphis Red Sox,20,21.1,4.36,76,2737,2540,331,635,95,37,19,305,61,,197,247,.250,.304,.339,.643,73,861,,,,,,
1925,NNL,St. Louis Stars,26,22.6,7.09,87,3372,3027,617,956,187,55,87,557,116,,345,338,.316,.386,.500,.886,136,1514,,,,,,
1925,ECL,Atlantic City Bacharach Giants,25,28.4,4.84,73,2673,2447,353,663,64,24,28,324,54,,226,271,.271,.333,.351,.684,77,859,,,,,,
1925,ECL,Baltimore Black Sox,23,24.9,5.11,65,2325,2143,332,621,105,20,35,299,61,,182,196,.290,.345,.406,.752,94,871,,,,,,
1925,ECL,Brooklyn Royal Giants,15,27.2,5.20,35,1252,1175,182,322,38,5,29,169,14,,77,128,.274,.319,.389,.708,82,457,,,,,,
1925,ECL,Cuban Stars East,16,28.1,5.02,45,1687,1527,226,401,56,17,17,179,21,,160,164,.263,.333,.355,.687,78,542,,,,,,
1925,ECL,Harrisburg Giants,20,26.4,6.77,73,2784,2559,494,813,113,32,65,449,73,,225,223,.318,.373,.463,.836,115,1185,,,,,,
1925,ECL,Hilldale Club,18,28.7,6.51,71,2564,2348,462,731,138,42,38,400,116,,216,174,.311,.369,.454,.824,112,1067,,,,,,
1925,ECL,New York Lincoln Giants,35,25.7,4.55,49,1816,1662,223,449,65,10,35,206,35,,154,229,.270,.332,.384,.717,85,639,,,,,,
1925,ECL,Wilmington Potomacs,22,24.8,5.25,32,1148,1041,168,309,42,9,18,131,33,,107,131,.297,.362,.406,.769,99,423,,,,,,
1920,NNL,Indianapolis ABCs,31,26.1,4.53,95,3564,3125,430,806,97,41,13,346,78,,290,403,.258,.324,.328,.651,94,1024,,13,136,,,
1920,NNL,Chicago American Giants,23,26.9,4.99,67,2469,2119,334,539,75,28,4,293,59,,240,305,.254,.335,.322,.657,96,682,,18,92,,,
1920,NNL,Chicago Giants,23,24.0,3.50,40,1507,1331,140,312,40,14,5,120,20,,112,200,.234,.300,.297,.597,78,395,,13,51,,,
1920,NNL,Cuban Stars West,13,24.8,4.67,61,2339,2055,285,512,66,18,9,229,66,,186,238,.249,.318,.312,.629,88,641,,20,78,,,
1920,NNL,Dayton Marcos,25,26.9,3.79,42,1571,1405,159,328,42,16,3,129,49,,109,210,.233,.296,.293,.588,75,411,,15,42,,,
1920,NNL,Detroit Stars,25,25.5,5.00,64,2423,2095,320,534,93,23,28,275,50,,234,260,.255,.334,.361,.695,107,757,,15,79,,,
1920,NNL,Kansas City Monarchs,26,24.9,5.05,78,3039,2688,394,742,113,39,20,325,98,,206,308,.276,.331,.369,.700,109,993,,15,130,,,
1920,NNL,St. Louis Giants,29,27.9,3.90,67,2489,2175,261,544,69,16,9,216,80,,179,302,.250,.322,.309,.631,88,672,,51,84,,,
1915,FL,Baltimore Terrapins,39,28.7,3.57,154,5754,5060,550,1235,196,53,36,465,128,,470,619,.244,.313,.325,.638,85,1645,,37,178,,,1022
1915,FL,Brooklyn Tip-Tops,38,26.2,4.23,153,5729,5035,647,1348,205,75,36,561,249,,473,629,.268,.336,.360,.696,105,1811,,47,156,,,967
1915,FL,Buffalo Blues,28,29.9,3.75,153,5632,5065,574,1261,193,68,40,506,184,,420,575,.249,.309,.338,.646,88,1710,,19,120,,,972
1915,FL,Chicago Whales,29,26.5,4.14,155,5796,5133,641,1320,185,77,50,558,161,,444,580,.257,.320,.352,.672,102,1809,,30,181,,,971
1915,FL,Kansas City Packers,22,29.8,3.58,153,5568,4937,547,1206,200,66,28,483,144,,368,484,.244,.303,.329,.631,88,1622,,46,202,,,957
1915,FL,Newark Pepper,28,27.0,3.77,155,5790,5097,585,1283,210,80,17,487,184,,438,519,.252,.315,.334,.649,95,1704,,34,202,,,995
1915,FL,Pittsburgh Rebels,31,29.7,3.79,156,5739,5040,592,1318,180,80,20,507,224,,448,529,.262,.326,.341,.667,96,1718,,38,206,,,1014
1915,FL,St. Louis Terriers,25,27.4,3.99,159,5999,5145,634,1344,199,81,23,546,195,,576,489,.261,.340,.345,.685,97,1774,,36,235,,,1095
1890,PL,Boston Reds,18,29.3,7.75,133,5458,4754,1031,1352,236,79,58,807,426,,661,449,.284,.377,.404,.781,105,1920,,43,,,,
1890,PL,Buffalo Bisons,26,29.0,5.92,134,5432,4795,793,1249,180,64,20,630,160,,541,367,.260,.347,.337,.684,89,1617,,96,,,,
1890,PL,Brooklyn Ward's Wonders,17,26.4,7.25,133,5431,4887,964,1352,186,93,34,748,272,,502,369,.277,.349,.3 74,.723,88,1826,,42,,,,
1890,PL,Chicago White Stockings,16,27.0,6.42,138,5503,4968,886,1311,200,95,31,705,276,,492,410,.264,.335,.361,.697,83,1794,,43,,,,
1890,PL,Cleveland Infants,21,26.8,6.48,131,5362,4804,849,1370,213,94,27,701,180,,509,345,.285,.360,.386,.745,105,1852,,49,,,,
1890,PL,New York Giants,17,30.1,7.71,132,5430,4913,1018,1393,204,97,66,793,231,,486,364,.284,.352,.405,.757,94,1989,,31,,,,
1890,PL,Pittsburgh Burghers,17,26.7,6.48,131,5316,4677,849,1212,170,114,35,664,251,,582,381,.259,.348,.367,.715,98,1715,,57,,,,
1890,PL,Philadelphia Athletics,16,27.3,7.13,132,5337,4855,941,1350,187,113,49,761,203,,431,321,.278,.343,.393,.737,94,1910,,51,,,,
1890,AA,Baltimore Orioles,18,25.1,4.79,38,1366,1213,182,278,34,16,2,119,101,,125,152,.229,.316,.289,.604,70,350,,28,,,,
1890,AA,BrooklynGladiators,22,29.3,4.92,100,3834,3475,492,769,116,47,13,328,182,,328,456,.221,.294,.293,.587,74,1018,,31,,,,
1890,AA,Columbus Solons,20,25.5,5.94,140,5332,4741,831,1225,159,77,16,620,353,,545,557,.258,.341,.335,.675,103,1586,,46,,,,
1890,AA,Louisville Colonels,21,24.6,6.11,134,5150,4687,819,1310,156,65,15,608,341,,410,460,.279,.344,.350,.694,105,1641,,53,,,,
1890,AA,Philadelphia Athletics,44,27.3,5.32,132,5052,4490,702,1057,181,51,24,508,305,,475,540,.235,.320,.314,.635,87,1412,,87,,,,
1890,AA,Rochester Broncos,20,28.2,5.33,133,5056,4553,709,1088,131,64,31,528,310,,446,538,.239,.315,.316,.631,90,1440,,57,,,,
1890,AA,St. Louis Browns,35,26.0,6.30,138,5369,4800,870,1308,178,73,48,634,307,,474,490,.273,.350,.370,.720,99,1776,,95,,,,
1890,AA,Syracuse Stars,30,26.7,5.50,127,4961,4469,698,1158,151,59,14,487,292,,457,482,.259,.333,.329,.661,102,1469,,35,,,,
1890,AA,Toledo Maumees,20,26.9,5.51,134,5132,4575,739,1152,152,108,24,512,421,,486,558,.252,.333,.348,.681,97,1592,,71,,,,
1885,AA,Baltimore Orioles,32,25.8,4.92,110,4141,3820,541,837,124,59,17,380,,,279,529,.219,.280,.296,.575,83,1130,,42,,,,
1885,AA,Brooklyn,21,26.1,5.57,112,4223,3943,624,966,121,65,14,428,,,238,324,.245,.295,.319,.614,93,1259,,42,,,,
1885,AA,Cincinnati,18,27.9,5.73,112,4254,4050,642,1046,108,77,26,451,,,153,420,.258,.294,.342,.636,98,1386,,51,,,,
1885,AA,Louisville Colonels,21,24.8,5.04,112,4146,3969,564,986,126,83,19,416,,,152,448,.248,.281,.336,.617,94,1335,,25,,,,
1885,AA,New York Metropolitans,19,29.2,4.87,108,3983,3731,526,921,123,57,21,362,,,217,428,.247,.295,.327,.622,110,1221,,35,,,,
1885,AA,Philadelphia Athletics,26,27.0,6.76,113,4410,4142,764,1099,169,76,30,536,,,223,410,.265,.310,.365,.675,107,1510,,45,,,,
1885,AA,Allegheny City,20,25.4,4.93,111,4208,3975,547,955,123,79,5,371,,,189,537,.240,.282,.315,.597,88,1251,,44,,,,
1885,AA,St. Louis Browns,15,25.6,6.04,112,4255,3972,677,979,132,57,17,450,,,234,282,.246,.297,.321,.618,90,1276,,49,,,,
1875,NA,Philadelphia Athletics,16,25.8,9.08,77,3288,3250,699,941,124,57,7,456,75,46,38,55,.290,.298,.369,.667,123,1200,14,,,,,
1875,NA,Boston Red Stockings,13,25.4,10.13,82,3548,3515,831,1128,167,51,15,565,93,37,33,52,.321,.327,.410,.737,149,1442,11,,,,,
1875,NA,Brooklyn Atlantics,35,21.2,3.00,44,1570,1562,132,304,33,6,2,86,1,5,8,36,.195,.199,.227,.426,55,355,9,,,,,
1875,NA,Philadelphia Centennials,12,24.4,5.00,14,540,530,70,125,22,3,0,40,4,0,10,25,.236,.250,.289,.539,92,153,2,,,,,
1875,NA,Chicago White Stockings,17,25.6,5.49,69,2706,2685,379,699,83,16,0,245,69,50,21,65,.260,.266,.303,.569,95,814,13,,,,,
1875,NA,Hartford Dark Blues,14,25.6,6.48,86,3390,3356,557,871,92,35,2,350,65,33,34,64,.260,.267,.310,.577,93,1039,22,,,,,
1875,NA,New Haven Elm Citys,25,21.3,3.62,47,1728,1714,170,373,41,13,2,102,35,16,14,62,.218,.224,.260,.484,77,446,10,,,,,
1875,NA,New York Mutuals,15,22.2,4.62,71,2704,2685,328,633,82,21,7,211,20,24,19,47,.236,.241,.290,.531,83,778,15,,,,,
1875,NA,Philadelphia Whites,16,25.9,6.71,70,2742,2721,470,683,67,27,5,285,105,51,21,58,.251,.257,.301,.558,89,819,15,,,,,
1875,NA,St. Louis Red Stockings,12,22.7,3.16,19,700,688,60,137,20,1,0,32,27,9,12,45,.199,.213,.231,.444,60,159,3,,,,,
1875,NA,St. Louis Brown Stockings,13,27.0,5.51,70,2706,2674,386,643,85,29,0,248,108,36,32,102,.240,.249,.294,.543,96,786,18,,,,,
1875,NA,Washington Nationals,19,22.9,3.82,28,1010,1004,107,194,14,8,0,60,23,7,6,42,.193,.198,.223,.421,47,224,4,,,,,
1875,NA,Keokuk Westerns,10,24.3,3.46,13,450,449,45,81,9,6,0,30,4,6,1,22,.180,.182,.227,.409,37,102,6,,,,,
1875,NA,League Average,14,24.7,6.14,53,2083,2064,326,524,65,21,3,208,48,25,19,52,.254,.261,.310,.571,97,640,11,,,,,
1871,NA,Philadelphia Athletics,13,24.8,13.43,28,1327,1281,376,410,66,27,9,250,56,12,46,23,.320,.344,.435,.778,120,557,8,,,,,
1871,NA,Boston Red Stockings,11,24.9,12.94,31,1432,1372,401,426,70,37,3,267,73,16,60,19,.310,.339,.422,.761,112,579,8,,,,,
1871,NA,Chicago WhiteStockings,11,24.9,10.79,28,1256,1196,302,323,52,21,10,193,69,21,60,22,.270,.305,.374,.679,89,447,6,,,,,
1871,NA,Cleveland Forest Citys,13,22.1,8.59,29,1212,1186,249,328,35,40,7,164,18,8,26,25,.277,.292,.391,.683,96,464,12,,,,,
1871,NA,Fort Wayne Kekiongas,18,18.9,7.21,19,779,746,137,178,19,8,2,94,16,4,33,9,.239,.271,.294,.564,61,219,4,,,,,
1871,NA,New York Mutuals,11,26.3,9.15,33,1437,1404,302,403,43,21,1,213,46,15,33,15,.287,.303,.350,.653,94,491,7,,,,,
1871,NA,Washington Olympics,15,24.4,9.69,32,1401,1353,310,375,54,26,6,214,48,13,48,13,.277,.302,.369,.671,95,499,11,,,,,
1871,NA,Rockford Forest Citys,11,22.6,9.24,25,1074,1036,231,274,44,25,3,147,53,10,38,30,.264,.291,.364,.654,87,377,8,,,,,
1871,NA,Troy Haymakers,12,22.8,12.10,29,1297,1248,351,384,51,34,6,241,62,24,49,19,.308,.334,.417,.751,111,521,10,,,,,
1876,NL,Philadelphia Athletics,21,26.0,6.30,60,2414,2387,378,646,79,35,7,249,,,27,36,.271,.279,.342,.621,104,816,,,,,,
1876,NL,Boston Reds,17,24.7,6.73,70,2780,2722,471,723,96,24,9,281,,,58,98,.266,.281,.328,.609,103,894,,,,,,
1876,NL,Chicago White Stockings,11,25.9,9.45,66,2818,2748,624,926,131,32,8,441,,,70,45,.337,.353,.417,.770,146,1145,,,,,,
1876,NL,Cincinnati Reds,13,24.5,3.66,65,2413,2372,238,555,51,12,4,132,,,41,136,.234,.247,.271,.518,86,642,,,,,,
1876,NL,Hartford Dark Blues,12,26.3,6.22,69,2703,2664,429,711,96,22,2,265,,,39,78,.267,.277,.322,.599,92,857,,,,,,
1876,NL,Louisville Grays,16,24.4,4.06,69,2594,2570,280,641,68,14,6,191,,,24,98,.249,.256,.294,.550,73,755,,,,,,
1876,NL,New York Mutuals,24,25.0,4.56,57,2198,2180,260,494,39,15,2,161,,,18,35,.227,.233,.261,.494,68,569,,,,,,
1876,NL,St. Louis Brown Stockings,10,26.0,6.03,64,2537,2478,386,642,73,27,2,264,,,59,63,.259,.276,.313,.589,103,775,,,,,,
1880,NL,Boston,18,26.7,4.84,86,3185,3080,416,779,134,41,20,314,,,105,221,.253,.278,.343,.620,112,1055,,,,,,
1880,NL,Buffalo Bisons,21,24.0,3.89,85,3052,2962,331,669,104,37,3,240,,,90,327,.226,.249,.289,.538,81,856,,,,,,
1880,NL,Chicago White Stockings,13,23.9,6.26,86,3239,3135,538,876,164,39,4,378,,,104,217,.279,.303,.360,.663,119,1130,,,,,,
1880,NL,Cincinnati Stars,16,25.3,3.57,83,2970,2895,296,649,91,36,7,209,,,75,267,.224,.244,.288,.532,81,833,,,,,,
1880,NL,Cleveland Blues,14,23.6,4.55,85,3078,3002,387,726,130,52,7,273,,,76,237,.242,.261,.327,.587,100,981,,,,,,
1880,NL,Providence Grays,11,26.2,4.82,87,3285,3196,419,793,114,34,8,278,,,89,186,.248,.268,.313,.581,99,999,,,,,,
1880,NL,Troy Trojans,23,25.6,4.72,83,3127,3007,392,755,114,37,5,253,,,120,260,.251,.280,.319,.598,98,958,,,,,,
1880,NL,Worcester Ruby Legs,19,23.2,4.85,85,3105,3024,412,699,129,52,8,278,,,81,278,.231,.251,.316,.567,85,956,,,,,,
1885,NL,Baltimore Orioles,32,25.8,4.92,110,4141,3820,541,837,124,59,17,380,,,279,529,.219,.280,.296,.575,83,1130,,42,,,,
1885,NL,Brooklyn,21,26.1,5.57,112,4223,3943,624,966,121,65,14,428,,,238,324,.245,.295,.319,.614,93,1259,,42,,,,
1885,NL,Boston,23,26.9,4.67,113,4140,3950,528,915,144,53,22,375,,,190,522,.232,.267,.312,.579,90,1231,,,,,,
1885,NL,Buffalo Bisons,28,27.5,4.42,112,4079,3900,495,980,149,50,23,365,,,179,380,.251,.284,.333,.617,97,1298,,,,,,
1885,NL,Chicago White Stockings,19,27.5,7.38,113,4433,4093,834,1079,184,75,54,606,,,340,429,.264,.320,.385,.705,115,1575,,,,,,
1885,NL,Cincinnati,18,27.9,5.73,112,4254,4050,642,1046,108,77,26,451,,,153,420,.258,.294,.342,.636,98,1386,,51,,,,
1885,NL,Detroit Wolverines,28,26.1,4.76,108,3989,3773,514,917,149,66,25,387,,,216,451,.243,.284,.337,.621,101,1273,,,,,,
1885,NL,Louisville Colonels,21,24.8,5.04,112,4146,3969,564,986,126,83,19,416,,,152,448,.248,.281,.336,.617,94,1335,,25,,,,
1885,NL,New York Giants,13,28.5,6.17,112,4250,4029,691,1085,150,82,16,464,,,221,312,.269,.307,.359,.666,115,1447,,,,,,
1885,NL,New York Metropolitans,19,29.2,4.87,108,3983,3731,526,921,123,57,21,362,,,217,428,.247,.295,.327,.622,110,1221,,35,,,,
1885,NL,Philadelphia Athletics,26,27.0,6.76,113,4410,4142,764,1099,169,76,30,536,,,223,410,.265,.310,.365,.675,107,1510,,45,,,,
1885,NL,Philadelphia,16,24.7,4.62,111,4113,3893,513,891,156,35,20,327,,,220,401,.229,.270,.302,.572,87,1177,,,,,,
1885,NL,Allegheny City,20,25.4,4.93,111,4208,3975,547,955,123,79,5,371,,,189,537,.240,.282,.315,.597,88,1251,,44,,,,
1885,NL,Providence Grays,26,27.7,4.02,110,3992,3727,442,820,114,30,6,292,,,265,430,.220,.272,.272,.543,79,1012,,,,,,
1885,NL,St. Louis Maroons,28,26.3,3.51,111,3972,3758,390,829,121,21,8,278,,,214,412,.221,.263,.270,.533,75,1016,,,,,,
1885,NL,St. Louis Browns,15,25.6,6.04,112,4255,3972,677,979,132,57,17,450,,,234,282,.246,.297,.321,.618,90,1276,,49,,,,
1890,NL,Baltimore Orioles,18,25.1,4.79,38,1366,1213,182,278,34,16,2,119,101,,125,152,.229,.316,.289,.604,70,350,,28,,,,
1890,NL,Boston Reds,18,29.3,7.75,133,5458,4754,1031,1352,236,79,58,807,426,,661,449,.284,.377,.404,.781,105,1920,,43,,,,
1890,NL,Brooklyn Gladiators,22,29.3,4.92,100,3834,3475,492,769,116,47,13,328,182,,328,456,.221,.294,.293,.587,74,1018,,31,,,,
1890,NL,Brooklyn Bridegrooms,17,27.9,6.85,129,4977,4419,884,1166,184,75,43,691,349,,517,361,.264,.346,.369,.715,107,1629,,41,,,,
1890,NL,Boston,19,27.0,5.69,134,5321,4722,763,1220,175,62,31,580,285,,530,515,.258,.342,.341,.683,92,1612,,69,,,,
1890,NL,Buffalo Bisons,26,29.0,5.92,134,5432,4795,793,1249,180,64,20,630,160,,541,367,.260,.347,.337,.684,89,1617,,96,,,,
1890,NL,Brooklyn Ward's Wonders,17,26.4,7.25,133,5431,4887,964,1352,186,93,34,748,272,,502,369,.277,.349,.374,.723,88,1826,,42,,,,
1890,NL,Chicago Colts,27,27.2,6.09,139,5453,4891,847,1271,147,60,67,653,329,,516,514,.260,.336,.356,.692,97,1739,,46,,,,
1890,NL,Chicago White Stockings,16,27.0,6.42,138,5503,4968,886,1311,200,95,31,705,276,,492,410,.264,.335,.361,.697,83,1794,,43,,,,
1890,NL,Cincinnati Reds,18,28.1,5.62,134,5128,4644,753,1203,150,120,27,563,312,,433,377,.259,.329,.360,.689,99,1674,,51,,,,
1890,NL,Cleveland Infants,21,26.8,6.48,131,5362,4804,849,1370,213,94,27,701,180,,509,345,.285,.360,.386,.745,105,1852,,49,,,,
1890,NL,Cleveland Spiders,25,24.8,4.63,136,5172,4633,630,1073,132,59,21,489,152,,497,474,.232,.312,.299,.611,82,1386,,42,,,,
1890,NL,Columbus Solons,20,25.5,5.94,140,5332,4741,831,1225,159,77,16,620,353,,545,557,.258,.341,.335,.675,103,1586,,46,,,,
1890,NL,Louisville Colonels,21,24.6,6.11,134,5150,4687,819,1310,156,65,15,608,341,,410,460,.279,.344,.350,.694,105,1641,,53,,,,
1890,NL,New York Giants,23,27.2,5.28,135,5232,4832,713,1250,208,89,25,563,290,,350,477,.259,.315,.354,.669,98,1711,,50,,,,
1890,NL,New York Giants,17,30.1,7.71,132,5430,4913,1018,1393,204,97,66,793,231,,486,364,.284,.352,.405,.757,94,1989,,31,,,,
1890,NL,Pittsburgh Burghers,17,26.7,6.48,131,5316,4677,849,1212,170,114,35,664,251,,582,381,.259,.348,.367,.715,98,1715,,57,,,,
1890,NL,Philadelphia Athletics,44,27.3,5.32,132,5052,4490,702,1057,181,51,24,508,305,,475,540,.235,.320,.314,.635,87,1412,,87,,,,
1890,NL,Philadelphia Phillies,22,24.9,6.19,133,5293,4707,823,1267,220,78,23,632,335,,522,403,.269,.350,.364,.714,105,1712,,64,,,,
1890,NL,Philadelphia Athletics,16,27.3,7.13,132,5337,4855,941,1350,187,113,49,761,203,,431,321,.278,.343,.393,.737,94,1910,,51,,,,
1890,NL,Allegheny City,46,25.6,4.33,138,5213,4739,597,1088,160,43,20,426,208,,408,460,.230,.300,.294,.594,82,1394,,66,,,,
1890,NL,Rochester Broncos,20,28.2,5.33,133,5056,4553,709,1088,131,64,31,528,310,,446,538,.239,.315,.316,.631,90,1440,,57,,,,
1890,NL,St. Louis Browns,35,26.0,6.30,138,5369,4800,870,1308,178,73,48,634,307,,474,490,.273,.350,.370,.720,99,1776,,95,,,,
1890,NL,Syracuse Stars,30,26.7,5.50,127,4961,4469,698,1158,151,59,14,487,292,,457,482,.259,.333,.329,.661,102,1469,,35,,,,
1890,NL,Toledo Maumees,20,26.9,5.51,134,5132,4575,739,1152,152,108,24,512,421,,486,558,.252,.333,.348,.681,97,1592,,71,,,,
1895,NL,Baltimore Orioles,20,25.5,7.70,131,5311,4725,1009,1530,235,89,25,828,310,,355,243,.324,.384,.427,.811,106,2018,,106,125,,,
1895,NL,Brooklyn Grooms,23,28.2,6.61,133,5284,4757,879,1346,191,78,41,725,184,,397,319,.283,.346,.382,.728,94,1816,,63,67,,,
1895,NL,Boston,22,28.2,6.85,133,5433,4750,911,1377,198,57,54,756,200,,505,239,.290,.364,.390,.754,90,1851,,51,127,,,
1895,NL,Chicago Colts,24,28.8,6.51,133,5252,4708,866,1401,171,85,55,727,260,,422,344,.298,.361,.405,.766,92,1907,,42,80,,,
1895,NL,Cincinnati Reds,21,30.9,6.84,132,5190,4684,903,1395,235,105,36,769,326,,414,249,.298,.359,.416,.775,96,1948,,36,56,,,
1895,NL,Cleveland Spiders,20,28.7,6.98,132,5304,4692,921,1433,194,69,29,772,188,,476,365,.305,.375,.395,.770,94,1852,,49,87,,,
1895,NL,Louisville Colonels,40,26.4,5.29,132,5205,4724,698,1320,171,73,34,574,156,,346,323,.279,.339,.368,.707,87,1739,,77,58,,,
1895,NL,New York Giants,24,26.8,6.45,132,5127,4605,852,1324,191,90,32,699,292,,454,292,.288,.355,.389,.744,93,1791,,30,38,,,
1895,NL,Philadelphia Phillies,24,28.2,8.03,133,5689,5037,1068,1664,272,73,61,930,276,,463,262,.330,.394,.450,.844,116,2265,,69,120,,,
1895,NL,Pittsburgh Pirates,28,26.7,6.08,134,5226,4677,815,1355,192,89,27,677,257,,378,299,.290,.351,.386,.737,94,1806,,65,106,,,
1895,NL,St. Louis Browns,28,28.4,5.53,136,5294,4814,752,1356,155,88,39,633,208,,388,283,.282,.339,.375,.714,84,1804,,28,64,,,
1895,NL,Washington Senators,31,28.1,6.32,133,5258,4615,840,1326,209,101,55,716,238,,522,403,.287,.366,.412,.778,101,1902,,52,69,,,
1900,NL,Brooklyn Superbas,23,29.8,5.79,141,5440,4860,816,1423,199,81,26,676,274,,421,269,.293,.359,.383,.742,100,1862,,81,78,,,
1900,NL,Boston,21,29.6,5.48,142,5499,4952,778,1403,163,68,48,676,182,,395,270,.283,.342,.373,.715,88,1846,,45,107,,,
1900,NL,Chicago Orphans,30,27.9,4.35,146,5445,4907,635,1276,202,51,33,519,189,,343,375,.260,.317,.342,.659,85,1679,,65,130,,,
1900,NL,Cincinnati Reds,22,28.3,4.88,144,5517,5026,703,1335,178,83,33,591,183,,333,408,.266,.318,.354,.671,87,1778,,50,108,,,
1900,NL,New York Giants,23,29.1,5.06,141,5229,4724,713,1317,177,61,23,564,236,,369,345,.279,.338,.357,.695,96,1685,,56,80,,,
1900,NL,Philadelphia Phillies,24,27.1,5.74,141,5594,4969,810,1439,187,82,29,694,205,,440,377,.290,.356,.378,.734,103,1877,,72,113,,,
1900,NL,Pittsburgh Pirates,26,27.7,5.24,140,5317,4817,733,1312,185,100,26,602,174,,327,319,.272,.327,.368,.695,91,1775,,63,110,,,
1900,NL,St. Louis Cardinals,26,28.6,5.28,141,5444,4877,744,1420,141,81,36,602,243,,406,318,.291,.356,.375,.731,103,1831,,81,80,,,
1905,NL,Brooklyn Superbas,23,26.0,3.26,155,5616,5100,506,1255,154,60,29,430,186,,327,606,.246,.297,.317,.614,89,1616,,41,136,,,977
1905,NL,Boston Nationals,23,28.5,3.00,156,5673,5190,468,1217,148,52,17,387,132,,302,561,.234,.284,.293,.576,74,1520,,54,86,,,971
1905,NL,Chicago Cubs,20,27.5,4.30,155,5836,5108,667,1249,157,82,12,522,267,,448,511,.245,.313,.314,.627,84,1606,,61,193,,,1008
1905,NL,Cincinnati Reds,26,28.8,4.75,155,5892,5205,736,1401,160,101,27,611,181,,434,498,.269,.332,.354,.686,95,1844,,52,174,,,1066
1905,NL,New York Giants,21,29.7,5.02,155,5865,5094,778,1392,191,88,39,642,291,,517,497,.273,.351,.368,.719,111,1876,,90,138,,,1032
1905,NL,Philadelphia Phillies,24,29.1,4.57,155,5876,5243,708,1362,187,82,16,567,180,,406,614,.260,.318,.336,.654,99,1761,,44,174,,,1016
1905,NL,Pittsburgh Pirates,28,28.7,4.46,155,5826,5213,692,1385,190,91,22,564,202,,382,512,.266,.320,.350,.670,98,1823,,36,159,,,1051
1905,NL,St. Louis Cardinals,30,29.1,3.47,154,5629,5066,534,1254,140,85,20,446,162,,391,631,.248,.307,.321,.627,90,1624,,43,109,,,987
1905,AL,Boston Americans,27,31.6,3.78,153,5726,5049,578,1179,165,69,29,488,131,,486,553,.234,.305,.311,.616,95,1569,,37,139,,,1060
1905,AL,Chicago White Sox,19,29.5,3.89,158,5887,5114,614,1213,200,55,11,487,194,,439,613,.237,.305,.304,.609,96,1556,,58,241,,,1010
1905,AL,Cleveland Napoleons,27,27.1,3.63,155,5703,5166,563,1318,211,72,18,482,188,,286,714,.255,.301,.334,.636,99,1727,,55,148,,,1024
1905,AL,Detroit Tigers,30,27.8,3.32,154,5614,4972,511,1209,190,54,13,421,129,,375,581,.243,.301,.311,.612,94,1546,,40,180,,,1023
1905,AL,New York Highlanders,35,29.2,3.87,152,5579,4957,588,1228,163,61,23,480,200,,360,534,.248,.307,.319,.627,91,1582,,67,151,,,954
1905,AL,Philadelphia Athletics,19,29.7,4.10,152,5743,5146,623,1310,256,51,24,511,190,,376,641,.255,.310,.338,.648,103,1740,,34,165,,,1011
1905,AL,St. Louis Browns,25,29.1,3.26,156,5782,5204,509,1205,153,49,16,415,144,,362,639,.232,.288,.289,.577,88,1504,,52,150,,,1084
1905,AL,Washington Nationals,27,27.3,3.64,154,5574,5015,560,1121,193,68,22,483,169,,298,818,.224,.274,.302,.577,86,1516,,54,161,,,883
1910,NL,Brooklyn Superbas,31,25.9,3.19,156,5792,5125,497,1174,166,73,25,408,151,,434,706,.229,.294,.305,.599,77,1561,,40,183,,,993
1910,NL,Boston Doves,35,26.5,3.15,157,5721,5123,495,1260,173,49,31,421,152,,359,540,.246,.301,.317,.618,79,1624,,47,181,,,956
1910,NL,Chicago Cubs,27,29.2,4.62,154,5801,4977,711,1333,219,84,34,586,173,,542,501,.268,.344,.366,.710,108,1822,,39,234,,,1021
1910,NL,Cincinnati Reds,41,26.2,3.97,156,5866,5121,620,1326,150,79,23,526,310,,529,515,.259,.332,.333,.664,97,1703,,29,182,,,1063
1910,NL,New York Giants,28,25.7,4.61,155,5892,5061,715,1391,204,83,31,623,282,,562,489,.275,.354,.366,.720,109,1854,,57,193,,,983
1910,NL,Philadelphia Phillies,33,28.9,4.29,157,5937,5171,674,1319,223,71,22,565,199,,506,559,.255,.327,.338,.665,92,1750,,43,205,,,1026
1910,NL,Pittsburgh Pirates,33,28.3,4.25,154,5801,5125,655,1364,214,83,33,543,148,,437,524,.266,.328,.360,.688,95,1843,,34,198,,,992
1910,NL,St. Louis Cardinals,36,26.4,4.16,153,5805,4912,637,1217,167,70,15,527,179,,655,581,.248,.345,.319,.665,97,1569,,78,153,,,1083
1910,AL,Boston Red Sox,35,25.5,4.04,158,5967,5204,638,1350,175,87,43,527,194,,430,719,.259,.323,.351,.674,108,1828,,56,227,,,1012
1910,AL,Chicago White Sox,34,27.1,2.92,156,5705,5024,456,1058,115,58,7,351,183,,403,648,.211,.275,.261,.536,72,1310,,44,189,,,923
1910,AL,Cleveland Naps,44,28.2,3.40,161,6028,5396,548,1316,188,64,9,460,189,,366,645,.244,.296,.307,.604,87,1659,,37,189,,,1008
1910,AL,Detroit Tigers,30,27.8,4.38,155,5789,5041,679,1317,190,72,28,548,249,,459,572,.261,.329,.344,.673,105,1735,,51,197,,,948
1910,AL,New York Highlanders,31,27.4,4.03,156,5802,5051,629,1254,164,75,20,492,288,,464,634,.248,.320,.322,.643,96,1628,,71,176,,,957
1910,AL,Philadelphia Athletics,27,27.6,4.33,155,5849,5154,671,1373,191,105,19,541,207,,409,573,.266,.326,.355,.681,113,1831,,47,199,,,942
1910,AL,St. Louis Browns,42,28.2,2.87,158,5702,5077,454,1105,131,60,12,347,169,,415,841,.218,.281,.274,.556,79,1392,,36,143,,,961
1910,AL,Washington Nationals,30,27.9,3.17,157,5747,4989,498,1175,145,47,9,393,192,,449,630,.236,.309,.289,.598,91,1441,,82,171,,,1035
1915,NL,Brooklyn Dodgers,33,26.5,3.48,154,5638,5120,536,1268,165,75,14,449,131,126,313,496,.248,.295,.317,.612,83,1625,,27,175,,,957
1915,NL,Boston Braves,34,27.4,3.71,157,5876,5070,582,1219,231,57,17,496,121,98,549,620,.240,.321,.319,.640,96,1615,,56,194,,,1098
1915,NL,Chicago Cubs,33,28.3,3.65,156,5736,5114,570,1246,212,66,53,485,166,124,393,639,.244,.303,.342,.645,95,1749,,41,182,,,952
1915,NL,Cincinnati Reds,29,27.0,3.23,160,5838,5231,516,1323,194,84,15,425,156,142,360,512,.253,.308,.331,.638,91,1730,,53,192,,,993
1915,NL,New York Giants,36,27.9,3.75,155,5714,5218,582,1312,195,68,24,501,155,137,315,547,.251,.300,.329,.629,94,1715,,48,122,,,946
1915,NL,Philadelphia Phillies,23,28.1,3.85,153,5599,4916,589,1216,202,39,58,486,121,113,460,600,.247,.316,.340,.656,97,1670,,34,181,,,942
1915,NL,Pittsburgh Pirates,34,28.0,3.57,156,5753,5113,557,1259,197,91,24,464,182,111,419,656,.246,.309,.334,.644,97,1710,,49,162,,,1041
1915,NL,St. Louis Cardinals,28,27.5,3.76,157,5787,5106,590,1297,159,92,20,483,162,144,457,658,.254,.320,.333,.653,97,1700,,42,175,,,1006
1915,AL,Boston Red Sox,30,26.7,4.31,155,5875,5024,668,1308,202,76,14,574,118,117,527,476,.260,.336,.339,.676,105,1704,,49,265,,,1079
1915,AL,Chicago White Sox,32,25.2,4.63,155,5847,4914,717,1269,163,102,25,598,233,183,583,575,.258,.345,.348,.694,105,1711,,71,270,,,985
1915,AL,Cleveland Indians,40,24.6,3.50,154,5748,5034,539,1210,169,79,20,456,138,117,490,681,.240,.312,.317,.630,88,1597,,37,176,,,1032
1915,AL,Detroit Tigers,27,27.1,4.99,156,6056,5128,778,1372,207,94,23,647,241,146,681,527,.268,.357,.358,.715,110,1836,,35,202,,,1106
1915,AL,New York Yankees,40,26.5,3.79,154,5770,4982,583,1162,167,50,31,459,198,133,570,669,.233,.317,.305,.623,86,1522,,44,168,,,1044
1915,AL,Philadelphia Athletics,56,26.2,3.54,154,5719,5081,545,1204,183,72,16,440,127,89,436,634,.237,.304,.311,.615,87,1579,,54,137,,,1022
1915,AL,St. Louis Browns,46,27.2,3.28,159,5818,5112,521,1255,166,65,19,439,202,160,472,765,.246,.315,.315,.629,92,1608,,43,173,,,1022
1915,AL,Washington Nationals,34,26.8,3.68,155,5723,5029,570,1225,152,79,12,465,186,106,458,541,.244,.312,.312,.625,85,1571,,45,187,,,993
1920,NL,Brooklyn Robins,29,30.1,4.26,155,5971,5399,660,1493,205,99,28,566,70,80,359,391,.277,.324,.367,.691,96,1980,,19,189,,,1073
1920,NL,Boston Braves,30,27.8,3.42,153,5810,5218,523,1358,168,86,23,456,88,98,385,488,.260,.315,.339,.654,93,1767,,33,166,,,1068
1920,NL,Chicago Cubs,31,29.3,4.02,154,5813,5117,619,1350,223,67,34,535,115,129,428,421,.264,.326,.354,.680,94,1809,,46,220,,,1014
1920,NL,Cincinnati Reds,26,29.0,4.15,154,5800,5176,639,1432,169,76,18,546,158,128,382,367,.277,.332,.349,.681,97,1807,,47,194,,,1002
1920,NL,New York Giants,38,26.9,4.40,155,5892,5309,682,1427,210,76,46,590,131,113,432,545,.269,.327,.363,.690,98,1927,,26,124,,,1015
1920,NL,Philadelphia Phillies,28,28.9,3.69,153,5743,5264,565,1385,229,54,64,483,100,83,283,531,.263,.305,.364,.669,89,1914,,36,159,,,1008
1920,NL,Pittsburgh Pirates,32,27.6,3.42,155,5800,5219,530,1342,162,90,16,449,181,117,374,405,.257,.310,.332,.642,82,1732,,29,174,,,1029
1920,NL,St. Louis Cardinals,34,26.1,4.35,155,6092,5495,675,1589,238,96,32,600,126,114,373,484,.289,.337,.385,.722,109,2115,,26,192,,,1124
1920,AL,Boston Red Sox,32,28.1,4.22,154,5997,5189,650,1397,216,71,22,569,98,110,527,428,.269,.342,.351,.693,87,1821,,45,219,,,1141
1920,AL,Chicago White Sox,26,29.4,5.16,154,6040,5330,794,1574,263,98,37,694,109,94,474,350,.295,.357,.402,.759,101,2144,,38,188,,,1130
1920,AL,Cleveland Indians,29,29.3,5.56,154,6085,5203,856,1575,301,95,35,757,73,93,574,376,.303,.376,.417,.793,107,2171,,36,254,,,1162
1920,AL,Detroit Tigers,38,28.9,4.21,155,5952,5212,652,1406,228,72,30,561,76,68,485,389,.270,.334,.358,.693,86,1868,,20,216,,,1109
1920,AL,New York Yankees,26,27.8,5.44,154,5923,5174,837,1447,268,71,115,751,64,81,532,621,.280,.349,.426,.775,101,2202,,23,172,,,1026
1920,AL,Philadelphia Athletics,38,24.7,3.58,156,5851,5263,558,1325,219,49,44,465,50,67,352,575,.252,.304,.337,.641,70,1774,,45,169,,,1070
1920,AL,St. Louis Browns,37,28.5,5.18,154,6040,5359,797,1650,278,84,50,707,121,78,425,338,.308,.363,.419,.782,104,2246,,38,207,,,1137
1920,AL,Washington Nationals,40,27.2,4.73,153,5960,5252,724,1525,232,81,36,616,160,110,435,538,.290,.351,.386,.737,98,2027,,54,199,,,1115
1925,NL,Brooklyn Robins,35,31.0,5.14,153,6046,5468,786,1617,250,80,64,722,37,30,437,383,.296,.351,.406,.757,95,2219,,26,114,,22,1186
1925,NL,Boston Braves,38,27.9,4.63,153,5945,5365,708,1567,260,70,41,643,77,72,405,380,.292,.345,.390,.735,95,2090,,30,145,,8,1127
1925,NL,Chicago Cubs,40,27.5,4.69,154,5934,5353,723,1473,254,70,86,660,94,70,397,470,.275,.329,.397,.726,83,2125,,33,150,,8,1070
1925,NL,Cincinnati Reds,34,29.6,4.51,153,5838,5233,690,1490,221,90,44,624,108,107,409,327,.285,.339,.387,.726,86,2023,,23,173,,14,1033
1925,NL,New York Giants,33,27.9,4.84,152,5859,5327,736,1507,239,61,114,682,79,65,411,494,.283,.337,.415,.752,94,2210,,25,95,,30,1069
1925,NL,Philadelphia Phillies,35,29.6,5.31,153,6038,5412,812,1598,288,58,100,731,48,59,456,542,.295,.354,.425,.779,92,2302,,34,133,,15,1155
1925,NL,Pittsburgh Pirates,28,27.9,5.96,153,6038,5372,912,1651,316,105,78,820,159,63,499,363,.307,.369,.449,.818,103,2411,,30,135,,27,1112
1925,NL,St. Louis Cardinals,34,27.0,5.41,153,5940,5329,828,1592,292,80,109,752,70,51,446,414,.299,.356,.445,.801,102,2371,,27,134,,18,1110
1925,AL,Boston Red Sox,41,27.8,4.21,152,5854,5168,640,1376,257,64,41,591,42,56,509,421,.266,.335,.365,.700,78,1884,,29,134,,15,1140
1925,AL,Chicago White Sox,34,29.7,5.27,154,6172,5225,811,1482,299,59,38,738,131,87,663,405,.284,.369,.385,.755,96,2013,,48,231,,14,1217
1925,AL,Cleveland Indians,36,28.1,5.05,155,6180,5440,783,1613,284,58,52,697,90,77,521,379,.297,.361,.399,.760,92,2169,,28,180,,20,1224
1925,AL,Detroit Tigers,31,29.0,5.79,156,6274,5371,903,1623,277,84,50,798,97,63,639,384,.302,.380,.413,.793,103,2218,,32,220,,22,1233
1925,AL,New York Yankees,36,28.2,4.53,156,6024,5350,706,1470,247,74,110,654,69,73,466,480,.275,.336,.410,.746,90,2195,,24,173,,14,1128
1925,AL,Philadelphia Athletics,33,27.0,5.43,153,6071,5393,831,1659,298,79,76,767,67,60,448,430,.308,.364,.434,.799,96,2343,,31,187,,17,1132
1925,AL,St. Louis Browns,29,29.4,5.83,154,6112,5435,898,1620,304,68,110,798,85,78,497,373,.298,.360,.440,.800,98,2390,,31,143,,18,1096
1925,AL,Washington Nationals,39,29.8,5.45,152,5994,5191,828,1576,251,71,56,747,135,92,541,420,.304,.374,.412,.786,101,2137,,44,208,,11,1153
1930,NL,Brooklyn Robins,30,28.9,5.66,154,6089,5433,871,1654,303,73,122,836,53,47,481,541,.304,.364,.454,.818,96,2469,,27,147,,20,1135
1930,NL,Boston Braves,32,29.6,4.50,154,5879,5356,693,1503,246,78,66,631,69,61,332,397,.281,.326,.393,.719,75,2103,,28,154,,10,1065
1930,NL,Chicago Cubs,29,29.4,6.40,156,6356,5581,998,1722,305,72,171,940,70,43,588,635,.309,.378,.481,.859,105,2684,,37,148,,23,1180
1930,NL,Cincinnati Reds,33,29.6,4.32,154,5884,5245,665,1475,265,67,74,625,48,34,445,489,.281,.339,.400,.739,82,2096,,16,174,,14,1148
1930,NL,New York Giants,33,27.2,6.23,154,6165,5553,959,1769,264,83,143,880,59,44,422,382,.319,.369,.473,.842,103,2628,,21,165,,17,1139
1930,NL,Philadelphia Phillies,30,27.1,6.05,156,6295,5667,944,1783,345,44,126,884,34,45,450,459,.315,.367,.458,.825,93,2594,,23,148,,17,1149
1930,NL,Pittsburgh Pirates,34,26.6,5.79,154,6067,5346,891,1622,285,119,86,844,76,60,494,449,.303,.365,.449,.814,95,2403,,22,196,,26,1097
1930,NL,St. Louis Cardinals,33,29.6,6.52,154,6209,5512,1004,1732,373,89,104,942,72,48,479,496,.314,.372,.471,.843,98,2595,,28,185,,18,1124
1930,AL,Boston Red Sox,34,28.6,3.97,154,5813,5286,612,1391,257,67,47,533,42,35,356,556,.263,.312,.364,.676,74,1923,,19,144,,16,1048
1930,AL,Chicago White Sox,40,27.4,4.73,154,6006,5416,729,1497,256,91,63,679,74,39,391,478,.276,.329,.392,.721,85,2124,,32,154,,23,1136
1930,AL,Cleveland Indians,34,27.3,5.78,154,6123,5439,890,1654,356,60,72,830,51,47,481,460,.304,.363,.431,.795,98,2346,,26,175,,13,1156
1930,AL,Detroit Tigers,36,26.7,5.08,154,5932,5298,783,1504,298,90,82,728,97,70,459,507,.284,.344,.421,.764,91,2228,,25,145,,14,1095
1930,AL,New York Yankees,36,27.0,6.90,154,6275,5447,1062,1683,298,110,152,985,91,60,644,569,.309,.384,.488,.872,123,2657,,19,162,,20,1156
1930,AL,Philadelphia Athletics,30,28.7,6.18,154,6165,5346,951,1573,320,74,125,895,50,33,600,531,.294,.369,.452,.821,103,2416,,32,184,,22,1167
1930,AL,St. Louis Browns,31,28.9,4.88,154,5949,5277,751,1415,288,67,75,691,93,70,499,547,.268,.333,.391,.724,81,2062,,15,155,,10,1043
1930,AL,Washington Nationals,36,29.1,5.79,154,6120,5369,892,1620,297,98,57,819,101,68,533,438,.302,.369,.425,.794,100,2284,,38,173,,12,1176
1935,NL,Brooklyn Dodgers,38,27.8,4.62,154,5938,5410,711,1496,235,62,59,666,60,48,430,520,.277,.333,.376,.708,92,2032,120,27,70,,44,1131
1935,NL,Boston Braves,31,29.3,3.76,153,5765,5309,575,1396,233,33,75,544,20,25,353,436,.263,.311,.362,.673,87,1920,139,19,80,,19,1081
1935,NL,Chicago Cubs,27,26.0,5.50,154,6135,5486,847,1581,303,62,88,782,66,45,464,471,.288,.347,.414,.761,103,2272,115,33,150,,34,1170
1935,NL,Cincinnati Reds,33,27.4,4.19,154,5799,5296,646,1403,244,68,73,605,72,78,392,547,.265,.319,.378,.697,90,2002,93,30,80,,43,1060
1935,NL,New York Giants,28,28.2,4.94,156,6163,5623,770,1608,248,56,123,703,32,36,392,479,.286,.336,.416,.752,102,2337,117,32,116,,38,1220
1935,NL,Philadelphia Phillies,32,29.6,4.39,156,5946,5442,685,1466,249,32,92,624,52,54,392,661,.269,.322,.378,.699,80,2055,91,26,84,,20,1112
1935,NL,Pittsburgh Pirates,29,28.1,4.86,153,5977,5415,743,1543,255,90,66,682,30,36,457,437,.285,.343,.402,.745,97,2176,135,24,77,,32,1168
1935,NL,St. Louis Cardinals,36,28.4,5.38,154,5977,5457,829,1548,286,59,86,762,71,62,404,521,.284,.335,.405,.740,95,2210,100,19,97,,33,1044
1935,AL,Boston Red Sox,33,28.6,4.66,154,6062,5288,718,1458,281,63,69,660,91,59,612,470,.276,.353,.392,.745,88,2072,,21,137,,23,1216
1935,AL,Chicago White Sox,32,30.3,4.82,153,6030,5314,738,1460,262,42,74,690,46,28,580,405,.275,.348,.382,.730,87,2028,,19,112,,27,1204
1935,AL,Cleveland Indians,29,26.3,4.97,156,6102,5534,776,1573,324,77,93,737,63,54,459,567,.284,.341,.421,.762,94,2330,,17,87,,37,1147
1935,AL,Detroit Tigers,27,28.9,6.04,152,6183,5423,918,1573,301,83,106,841,70,45,628,453,.290,.366,.435,.801,110,2358,,19,112,,38,1224
1935,AL,New York Yankees,27,28.4,5.49,149,5920,5214,818,1462,255,70,104,756,68,46,604,469,.280,.358,.416,.774,104,2169,,28,71,,42,1160
1935,AL,Philadelphia Athletics,39,27.0,4.77,149,5850,5269,710,1470,243,44,112,674,43,35,477,603,.279,.341,.406,.746,93,2137,,17,86,,23,1109
1935,AL,St. Louis Browns,34,28.1,4.63,155,6089,5365,718,1446,291,51,73,674,45,25,591,558,.270,.344,.384,.727,85,2058,,14,116,,28,1196
1935,AL,Washington Nationals,38,28.5,5.34,154,6308,5592,823,1591,255,95,32,762,54,37,599,407,.285,.358,.381,.739,93,2132,,37,74,,17,1306
1935,NNL2,Brooklyn Eagles,30,29.7,5.93,55,2076,1847,326,540,89,17,22,289,71,,181,228,.292,.357,.395,.752,90,729,,5,43,,,
1935,NNL2,Chicago American Giants,20,29.5,5.92,48,1885,1655,284,469,65,25,34,261,33,,162,243,.283,.353,.415,.767,93,686,,15,53,,,
1935,NNL2,Columbus Elite Giants,19,26.3,6.23,31,1253,1107,193,326,51,21,20,171,11,,107,175,.294,.360,.433,.793,100,479,,6,33,,,
1935,NNL2,Homestead Grays,24,27.9,6.89,46,1793,1577,317,477,109,29,34,292,31,,159,179,.302,.371,.473,.844,112,746,,12,45,,,
1935,NNL2,Newark Dodgers,27,26.2,4.88,40,1443,1302,195,362,70,18,16,179,30,,101,159,.278,.333,.396,.730,84,516,,7,33,,,
1935,NNL2,New York Cubans,25,30.0,4.90,42,1587,1396,206,372,75,13,21,187,29,,132,224,.266,.335,.384,.719,82,536,,13,46,,,
1935,NNL2,Pittsburgh Crawfords,19,28.8,7.12,52,2095,1869,370,573,110,37,31,341,52,,169,202,.307,.367,.455,.822,107,850,,10,47,,,
1935,NNL2,Philadelphia Stars,25,32.5,5.58,60,2214,1937,335,554,80,31,29,297,29,,198,208,.286,.354,.404,.758,91,783,,6,73,,,
1940,NNL2,Baltimore Elite Giants,30,27.6,6.41,61,2375,2078,391,580,104,34,34,354,37,,245,256,.279,.360,.411,.771,100,854,4,17,35,,2,
1940,NNL2,Homestead Grays,26,30.5,5.86,56,2082,1829,328,528,75,37,24,286,46,,205,230,.289,.364,.410,.774,101,749,4,13,35,,4,
1940,NNL2,New York Black Yankees,29,29.5,4.52,33,1167,1040,149,274,48,9,9,129,14,,99,150,.263,.332,.353,.685,78,367,0,8,20,,0,
1940,NNL2,Newark Eagles,28,27.4,6.78,40,1501,1317,271,397,58,16,39,250,20,,153,156,.301,.377,.459,.835,117,604,2,6,25,,1,
1940,NNL2,New York Cubans,24,28.8,4.90,29,1142,1018,142,260,36,9,13,126,7,,102,126,.255,.324,.347,.671,75,353,1,2,20,,1,
1940,NNL2,Philadelphia Stars,36,25.1,5.06,63,2264,2005,319,551,93,32,27,280,16,,217,256,.275,.348,.394,.741,93,789,2,8,34,,2,
1940,NNL,Birmingham Black Barons,30,24.3,4.20,30,1066,972,126,244,25,12,8,103,14,,69,163,.251,.307,.326,.633,89,317,0,9,16,,0,
1940,NNL,Chicago American Giants,26,28.1,3.43,23,798,702,79,163,22,4,7,73,4,,73,127,.232,.308,.305,.613,83,214,1,4,19,,0,
1940,NNL,Cleveland Bears,27,27.1,5.19,27,997,847,140,187,23,7,3,111,28,,112,139,.221,.321,.275,.596,78,233,0,13,25,,0,
1940,NNL,Kansas City Monarchs,25,29.3,5.97,38,1410,1261,227,362,53,21,12,200,52,,110,162,.287,.351,.391,.742,122,493,0,14,25,,0,
1940,NNL,Memphis Red Sox,28,28.5,4.08,48,1698,1507,196,372,53,12,8,158,41,,147,204,.247,.317,.314,.631,89,473,1,9,35,,2,
1940,NNL,St. Louis-New Orleans Stars,27,26.8,4.90,29,1073,933,142,244,39,12,3,123,29,,112,141,.262,.346,.339,.685,105,316,0,9,19,,0,
1940,NNL,Toledo/Indianapolis Crawfords,20,24.0,3.46,13,476,424,45,89,10,6,4,38,21,0,39,94,.210,.284,.290,.574,72,123,0,5,8,0,0,
1945,NNL2,Baltimore Elite Giants,27,30.8,5.64,56,2145,1918,316,538,80,42,21,268,28,,179,234,.281,.346,.399,.745,108,765,,12,36,,2,
1945,NNL2,Homestead Grays,28,33.5,5.40,50,1948,1705,270,466,62,23,15,241,19,,206,242,.273,.354,.363,.717,100,619,,7,30,,4,
1945,NNL2,New York Black Yankees,26,29.0,4.26,31,1181,1062,132,269,46,14,5,108,10,,92,146,.253,.316,.337,.653,82,358,,5,22,,0,
1945,NNL2,Newark Eagles,26,27.6,4.64,22,845,754,102,182,22,7,11,87,9,,72,108,.241,.313,.333,.646,81,251,,7,12,,1,
1945,NNL2,New York Cubans,28,31.2,3.37,30,1055,958,101,215,32,15,7,85,10,,74,153,.224,.285,.311,.596,66,298,,7,16,,0,
1945,NNL2,Philadelphia Stars,32,29.1,5.75,51,2004,1786,293,523,65,27,14,246,24,,173,240,.293,.358,.383,.741,107,684,,7,38,,1,
1945,NNL,Birmingham Black Barons,37,28.5,4.44,27,993,911,120,246,35,23,6,101,10,,52,149,.270,.312,.379,.691,102,345,,4,26,,0,
1945,NNL,Chicago American Giants,27,28.4,5.38,37,1389,1260,199,340,37,20,8,173,12,,115,192,.270,.332,.350,.682,100,441,,3,11,,0,
1945,NNL,Cleveland Buckeyes,24,28.6,4.91,22,824,756,108,203,25,15,3,92,18,0,52,109,.269,.319,.353,.672,96,267,,4,12,,0,
1945,NNL,Cincinnati-Indianapolis Clowns,29,26.8,3.68,22,821,749,81,174,15,9,4,71,7,0,60,144,.232,.290,.292,.583,71,219,,1,11,,2,
1945,NNL,Kansas City Monarchs,30,30.0,5.22,50,1845,1694,261,472,75,21,10,226,41,,110,183,.279,.326,.365,.691,102,619,,9,32,,0,
1945,NNL,Memphis Red Sox,30,29.6,4.42,24,885,794,106,181,30,10,8,83,7,,67,103,.228,.293,.321,.614,80,255,,6,18,,1,
1940,NL,Brooklyn Dodgers,40,28.4,4.47,156,6093,5470,697,1421,256,70,93,653,56,63,522,570,.260,.327,.383,.710,90,2096,112,20,77,,50,1128
1940,NL,Boston Bees,41,26.3,4.10,152,5810,5329,623,1366,219,50,59,558,48,43,402,581,.256,.311,.349,.660,87,1862,101,17,62,,43,1078
1940,NL,Chicago Cubs,29,28.9,4.42,154,5972,5389,681,1441,272,48,86,627,63,68,482,566,.267,.331,.384,.714,99,2067,108,29,70,,52,1111
1940,NL,Cincinnati Reds,33,28.8,4.56,155,5986,5372,707,1427,264,38,89,649,72,41,453,503,.266,.327,.379,.706,93,2034,108,36,125,,53,1125
1940,NL,New York Giants,29,28.7,4.36,152,5901,5324,663,1423,201,46,91,614,45,47,453,478,.267,.329,.374,.703,93,1989,130,37,86,,46,1146
1940,NL,Philadelphia Phillies,42,27.4,3.23,153,5673,5137,494,1225,180,35,75,459,25,40,435,527,.238,.300,.331,.631,77,1700,115,14,87,,37,1032
1940,NL,Pittsburgh Pirates,36,27.6,5.19,156,6117,5466,809,1511,276,68,76,740,69,71,553,494,.276,.346,.394,.740,105,2151,116,33,63,,45,1139
1940,NL,St. Louis Cardinals,38,27.1,4.79,156,6093,5499,747,1514,266,61,119,709,97,35,479,610,.275,.336,.411,.747,101,2259,103,21,88,,53,1182
1940,AL,Boston Red Sox,33,28.1,5.66,154,6174,5481,872,1566,301,80,145,808,55,49,590,597,.286,.356,.449,.806,104,2462,129,12,91,,41,1168
1940,AL,Chicago White Sox,27,29.4,4.74,155,6007,5386,735,1499,238,63,73,671,52,60,497,569,.278,.340,.387,.727,87,2082,123,10,110,,32,1124
1940,AL,Cleveland Indians,30,26.7,4.58,155,5960,5361,710,1422,287,61,101,661,53,36,519,598,.265,.332,.398,.730,90,2134,111,16,61,,51,1170
1940,AL,Detroit Tigers,35,29.4,5.73,155,6189,5418,888,1549,312,65,134,829,66,38,664,554,.286,.366,.442,.808,101,2393,115,24,77,,33,1217
1940,AL,New York Yankees,27,28.1,5.27,155,6047,5286,817,1371,243,66,155,759,59,36,647,605,.259,.344,.418,.762,100,2211,124,36,76,,42,1143
1940,AL,Philadelphia Athletics,34,26.9,4.56,154,5951,5304,703,1391,242,53,105,648,48,33,556,655,.262,.334,.387,.722,89,2054,127,19,69,,19,1125
1940,AL,St. Louis Browns,32,28.2,4.85,156,6051,5416,757,1423,278,58,118,715,51,40,556,638,.263,.333,.401,.734,88,2171,105,16,63,,32,1154
1940,AL,Washington Nationals,35,26.8,4.32,154,5916,5365,665,1453,266,67,52,602,94,40,465,504,.271,.331,.374,.706,88,2009,100,18,61,,27,1155
1945,NL,Brooklyn Dodgers,42,29.1,5.13,155,6191,5418,795,1468,257,71,57,722,77,40,630,433,.271,.350,.376,.726,103,2038,87,25,111,,80,1249
1945,NL,Boston Braves,42,28.8,4.68,154,6086,5441,721,1453,229,25,101,668,82,48,522,511,.267,.334,.374,.708,97,2035,107,26,91,,40,1162
1945,NL,Chicago Cubs,36,29.8,4.74,155,6035,5298,735,1465,229,52,57,674,69,28,555,462,.277,.349,.372,.720,102,1969,93,32,150,,83,1256
1945,NL,Cincinnati Reds,34,29.2,3.48,154,5799,5283,536,1317,221,26,56,498,71,43,392,532,.249,.304,.333,.637,78,1758,112,26,95,,52,1105
1945,NL,New York Giants,39,28.7,4.34,154,5995,5350,668,1439,175,35,114,626,38,28,501,457,.269,.336,.379,.715,98,2026,111,40,100,,69,1212
1945,NL,Philadelphia Phillies,46,30.0,3.56,154,5740,5203,548,1278,197,27,56,503,54,49,449,501,.246,.307,.326,.634,79,1697,113,15,71,,26,1060
1945,NL,Pittsburgh Pirates,32,29.1,4.86,155,6043,5343,753,1425,259,56,72,695,81,49,589,481,.267,.341,.377,.718,96,2012,122,17,88,,51,1142
1945,NL,St. Louis Cardinals,37,28.1,4.88,155,6168,5487,756,1498,256,44,64,698,55,33,515,488,.273,.338,.371,.709,95,2034,75,26,138,,59,1241
1945,AL,Boston Red Sox,37,30.3,3.82,157,6019,5367,599,1393,225,44,50,559,72,50,541,534,.260,.330,.346,.676,95,1856,117,23,87,,32,1226
1945,AL,Chicago White Sox,27,31.7,3.97,150,5663,5077,596,1330,204,55,22,544,78,54,470,467,.262,.326,.337,.663,95,1710,120,14,100,,53,1062
1945,AL,Cleveland Indians,36,27.7,3.79,147,5538,4898,557,1249,216,48,65,521,19,31,505,577,.255,.326,.359,.685,103,1756,116,14,119,,49,1093
1945,AL,Detroit Tigers,37,32.4,4.08,155,5887,5257,633,1345,227,47,77,588,60,54,517,533,.256,.324,.361,.684,93,1897,112,9,102,,47,1107
1945,AL,New York Yankees,32,30.2,4.45,152,5928,5176,676,1343,189,61,93,639,64,43,619,566,.259,.343,.373,.716,104,1933,102,36,95,,43,1198
1945,AL,Philadelphia Athletics,37,29.0,3.23,153,5864,5296,494,1297,201,37,33,439,25,45,450,460,.245,.306,.316,.622,82,1671,105,20,96,,23,1147
1945,AL,St. Louis Browns,31,30.4,3.88,154,5868,5227,597,1302,215,37,63,557,25,31,500,555,.249,.316,.341,.657,86,1780,102,15,124,,42,1139
1945,AL,Washington Nationals,34,31.3,3.99,156,6011,5326,622,1375,197,63,27,569,110,65,544,488,.258,.330,.334,.664,101,1779,116,23,114,,36,1175
1950,NL,Brooklyn Dodgers,37,27.5,5.46,155,6086,5364,847,1461,247,46,194,774,77,45,607,632,.272,.349,.444,.793,105,2382,139,27,88,,68,1109
1950,NL,Boston Braves,35,29.2,5.03,156,6083,5363,785,1411,246,36,148,726,71,32,615,616,.263,.342,.405,.747,101,2173,136,27,74,,55,1152
1950,NL,Chicago Cubs,32,27.5,4.18,154,5796,5230,643,1298,224,47,161,615,46,43,479,767,.248,.315,.401,.716,88,2099,122,31,54,,26,999
1950,NL,Cincinnati Reds,34,27.5,4.27,153,5846,5253,654,1366,257,27,99,617,37,40,504,497,.260,.327,.376,.702,84,1974,135,16,72,,38,1091
1950,NL,New York Giants,34,27.0,4.77,154,5988,5238,735,1352,204,50,133,684,42,35,627,629,.258,.342,.392,.734,92,2055,104,41,75,,20,1151
1950,NL,Philadelphia Phillies,32,26.5,4.60,157,6053,5426,722,1440,225,55,125,673,33,24,535,569,.265,.334,.396,.730,93,2150,144,24,66,,57,1153
1950,NL,Pittsburgh Pirates,40,28.6,4.42,154,5983,5327,681,1404,227,59,138,634,43,48,564,693,.264,.338,.406,.744,92,2163,142,31,54,,37,1139
1950,NL,St. Louis Cardinals,40,29.1,4.53,153,5919,5215,693,1353,255,50,102,646,23,26,606,604,.259,.339,.386,.725,87,2014,123,23,73,,42,1167
1950,AL,Boston Red Sox,41,29.8,6.67,154,6322,5516,1027,1665,287,61,161,974,32,17,719,580,.302,.385,.464,.848,108,2557,153,25,62,,28,1255
1950,AL,Chicago White Sox,43,28.5,4.01,156,5946,5260,625,1368,172,47,93,592,19,22,549,567,.260,.333,.364,.697,81,1913,156,28,106,,22,1171
1950,AL,Cleveland Indians,30,29.2,5.20,155,6081,5263,806,1417,222,46,164,758,40,34,693,623,.269,.358,.422,.781,103,2223,146,38,86,,35,1173
1950,AL,Detroit Tigers,30,28.2,5.33,157,6233,5381,837,1518,285,50,114,788,23,40,722,481,.282,.369,.417,.786,98,2245,162,19,110,,32,1234
1950,AL,New York Yankees,38,29.2,5.90,155,6165,5361,914,1511,234,70,159,860,41,28,687,458,.282,.367,.441,.807,108,2362,122,31,85,,24,1192
1950,AL,Philadelphia Athletics,33,31.2,4.35,154,5996,5212,670,1361,204,53,100,627,42,25,685,491,.261,.349,.378,.728,88,1971,170,23,73,,21,1207
1950,AL,St. Louis Browns,36,25.5,4.44,154,5971,5163,684,1269,235,43,106,642,39,40,691,742,.246,.337,.370,.707,78,1908,138,20,97,,18,1140
1950,AL,Washington Nationals,41,28.6,4.45,155,6030,5251,690,1365,190,53,76,659,42,25,672,605,.260,.347,.360,.707,85,1889,134,32,74,,28,1219
1955,NL,Brooklyn Dodgers,32,29.7,5.56,154,6037,5193,857,1406,230,44,201,800,79,56,674,718,.271,.356,.448,.804,109,2327,132,41,75,54,62,1112
1955,NL,Chicago Cubs,37,28.5,4.06,154,5767,5214,626,1287,187,55,164,597,37,35,428,806,.247,.305,.398,.703,85,2076,107,22,69,33,45,995
1955,NL,Cincinnati Redlegs,41,27.8,4.94,154,5981,5270,761,1424,216,28,181,726,51,36,556,657,.270,.341,.425,.766,98,2239,104,33,76,43,50,1125
1955,NL,Milwaukee Braves,32,27.2,4.82,154,5921,5277,743,1377,219,55,182,699,42,27,504,735,.261,.326,.427,.753,102,2252,113,28,72,39,67,1056
1955,NL,New York Giants,33,28.6,4.56,154,5941,5288,702,1377,173,34,169,643,38,22,497,581,.260,.325,.402,.727,92,2125,108,36,69,50,44,1090
1955,NL,Philadelphia Phillies,44,28.9,4.38,154,5866,5092,675,1300,214,50,132,631,44,32,652,673,.255,.340,.395,.735,97,2010,139,24,53,43,39,1121
1955,NL,Pittsburgh Pirates,42,25.6,3.64,154,5791,5173,560,1262,210,60,91,532,22,22,471,652,.244,.308,.361,.668,79,1865,132,21,93,32,64,1082
1955,NL,St. Louis Cardinals,40,28.1,4.25,154,5857,5266,654,1375,228,36,143,608,64,59,458,597,.261,.321,.400,.721,91,2104,122,31,56,44,53,1037
1955,AL,Baltimore Orioles,54,29.3,3.46,156,5937,5257,540,1263,177,39,54,503,34,46,562,740,.240,.314,.320,.634,78,1680,127,19,70,27,31,1164
1955,AL,Boston Red Sox,40,27.6,4.90,154,6134,5273,755,1392,241,39,137,709,43,17,707,730,.264,.351,.402,.753,96,2122,125,29,69,53,44,1258
1955,AL,Chicago White Sox,44,30.2,4.68,155,6002,5220,725,1401,204,36,116,677,69,45,568,595,.268,.344,.388,.732,96,2025,117,58,111,43,40,1182
1955,AL,Cleveland Indians,43,30.4,4.53,154,6051,5146,698,1325,195,31,148,657,28,24,723,715,.257,.349,.394,.743,97,2026,112,35,87,59,36,1233
1955,AL,Detroit Tigers,41,26.7,5.03,154,6073,5283,775,1407,211,38,130,724,41,22,638,581,.266,.344,.394,.739,101,2084,130,21,71,57,42,1166
1955,AL,Kansas City Athletics,52,28.7,4.12,155,5918,5335,638,1395,189,46,121,592,22,36,462,718,.261,.321,.382,.704,89,2039,146,26,58,34,34,1086
1955,AL,New York Yankees,40,28.0,4.94,154,5944,5161,761,1342,179,55,175,717,55,25,607,655,.260,.340,.418,.758,105,2156,99,46,79,49,48,1114
1955,AL,Washington Nationals,40,27.3,3.88,154,5833,5142,598,1277,178,54,80,566,25,32,537,651,.248,.322,.351,.672,85,1803,127,36,79,38,23,1106
1960,NL,Chicago Cubs,47,28.1,4.06,156,5963,5311,634,1293,213,48,119,600,51,34,531,897,.243,.313,.369,.681,88,1959,109,19,64,35,69,1068
1960,NL,Cincinnati Reds,41,27.3,4.16,154,5944,5289,640,1324,230,40,140,604,73,37,512,858,.250,.318,.388,.706,91,2054,110,34,60,45,44,1101
1960,NL,Los Angeles Dodgers,37,27.7,4.30,154,5936,5227,662,1333,216,38,126,606,95,53,529,837,.255,.324,.383,.707,89,2003,108,27,102,50,46,1095
1960,NL,Milwaukee Braves,36,30.0,4.70,154,5869,5263,724,1393,198,48,170,681,69,37,463,793,.265,.323,.417,.741,109,2197,101,23,59,60,53,1025
1960,NL,Philadelphia Phillies,40,26.1,3.55,154,5749,5169,546,1235,196,44,99,503,45,48,448,1054,.239,.302,.351,.653,80,1816,104,33,66,32,40,1021
1960,NL,Pittsburgh Pirates,37,28.6,4.74,155,6031,5406,734,1493,236,56,120,689,34,24,486,747,.276,.335,.407,.743,102,2201,119,20,69,48,71,1149
1960,NL,San Francisco Giants,33,26.8,4.30,156,5926,5324,671,1357,220,62,130,622,86,45,467,846,.255,.317,.393,.709,99,2091,106,33,60,39,61,1076
1960,NL,St. Louis Cardinals,47,28.6,4.12,155,5810,5187,639,1317,213,48,138,592,48,35,501,792,.254,.321,.393,.715,89,2040,118,31,52,35,63,1068
1960,AL,Baltimore Orioles,41,27.8,4.43,154,5914,5170,682,1307,206,33,123,640,37,24,596,800,.253,.332,.377,.709,93,1948,127,36,72,37,36,1133
1960,AL,Boston Red Sox,42,29.0,4.27,154,5937,5215,658,1359,234,32,124,623,34,28,570,799,.261,.333,.389,.722,93,2029,153,25,70,51,33,1157
1960,AL,Chicago White Sox,39,31.0,4.81,154,5968,5191,741,1402,242,38,112,684,122,48,567,648,.270,.345,.396,.741,101,2056,133,54,95,59,36,1113
1960,AL,Cleveland Indians,44,28.2,4.33,154,5923,5296,667,1415,218,20,127,632,58,25,444,571,.267,.325,.388,.713,95,2054,113,32,97,52,41,1099
1960,AL,Detroit Tigers,37,28.7,4.11,154,5993,5202,633,1243,188,34,150,601,66,32,636,728,.239,.324,.375,.698,86,1949,117,33,85,34,31,1138
1960,AL,Kansas City Athletics,41,28.3,3.97,155,5860,5226,615,1303,212,34,110,566,16,11,513,744,.249,.316,.366,.682,84,1913,154,12,75,32,22,1065
1960,AL,New York Yankees,38,28.1,4.81,155,5983,5290,746,1377,215,40,193,699,37,23,537,818,.260,.329,.426,.755,108,2251,112,28,81,45,41,1097
1960,AL,Washington Senators,37,27.4,4.36,154,6008,5248,672,1283,205,43,147,626,52,43,584,883,.244,.324,.384,.708,90,2015,130,48,86,38,42,1103
1965,NL,Chicago Cubs,40,27.9,3.87,164,6205,5540,635,1316,202,33,134,590,65,47,532,948,.238,.307,.358,.666,86,1986,115,43,48,42,62,1133
1965,NL,Cincinnati Reds,34,26.2,5.09,162,6356,5658,825,1544,268,61,183,776,82,40,538,1003,.273,.339,.439,.778,112,2483,120,50,73,36,89,1182
1965,NL,Houston Astros,48,27.0,3.51,162,6122,5483,569,1299,188,42,97,523,90,37,502,877,.237,.305,.340,.644,88,1862,125,46,57,34,46,1126
1965,NL,Los Angeles Dodgers,33,27.9,3.75,162,6108,5425,608,1329,193,32,78,548,172,77,492,891,.245,.312,.335,.647,89,1820,79,52,103,35,57,1118
1965,NL,Milwaukee Braves,37,28.0,4.37,162,6077,5541,708,1419,243,28,196,664,64,37,408,976,.256,.310,.416,.726,103,2306,121,37,58,32,50,1041
1965,NL,New York Mets,43,26.4,3.02,164,5976,5441,495,1202,203,27,107,460,28,42,392,1129,.221,.277,.327,.604,74,1780,121,39,76,28,40,1032
1965,NL,Philadelphia Phillies,33,27.2,4.04,162,6179,5528,654,1380,205,53,144,608,46,32,494,1091,.250,.313,.384,.697,97,2123,115,36,75,39,60,1128
1965,NL,Pittsburgh Pirates,33,28.2,4.14,163,6250,5686,675,1506,217,57,111,631,51,38,419,1008,.265,.317,.382,.699,96,2170,138,35,67,42,75,1155
1965,NL,San Francisco Giants,40,26.6,4.18,163,6119,5495,682,1384,169,43,159,623,47,27,476,844,.252,.313,.385,.698,94,2116,149,31,80,37,68,1077
1965,NL,St. Louis Cardinals,35,28.4,4.36,162,6207,5579,707,1415,234,46,109,645,100,52,477,882,.254,.314,.371,.685,86,2068,98,35,72,41,49,1117
1965,AL,Baltimore Orioles,34,27.4,3.96,162,6138,5450,641,1299,227,38,125,596,67,31,529,907,.238,.307,.363,.670,89,1977,139,28,95,36,61,1097
1965,AL,Boston Red Sox,30,26.7,4.13,162,6222,5487,669,1378,244,40,165,629,47,24,607,964,.251,.327,.400,.727,101,2197,157,30,57,39,44,1183
1965,AL,California Angels,42,26.4,3.25,162,5958,5354,527,1279,200,36,92,486,107,57,443,973,.239,.297,.341,.639,84,1827,99,22,93,44,48,1082
1965,AL,Chicago White Sox,34,27.9,3.99,162,6218,5509,647,1354,200,38,125,587,50,33,533,916,.246,.315,.364,.679,99,2005,127,43,89,43,62,1164
1965,AL,Cleveland Indians,39,27.5,4.09,162,6138,5469,663,1367,198,21,156,615,109,46,506,857,.250,.315,.379,.695,96,2075,97,33,90,40,63,1121
1965,AL,Detroit Tigers,37,26.9,4.20,162,6064,5368,680,1278,190,27,162,634,57,41,554,952,.238,.312,.374,.686,94,2008,122,37,69,36,50,1049
1965,AL,Kansas City Athletics,44,25.9,3.61,162,6058,5393,585,1294,186,59,110,546,110,51,521,1020,.240,.309,.358,.667,90,1928,120,35,74,35,29,1109
1965,AL,Minnesota Twins,35,27.4,4.78,162,6217,5488,774,1396,257,42,150,711,92,33,554,969,.254,.324,.399,.722,100,2187,93,35,77,59,79,1123
1965,AL,New York Yankees,40,28.3,3.77,162,6082,5470,611,1286,196,31,149,576,35,20,489,951,.235,.299,.364,.663,89,1991,118,19,72,31,62,1083
1965,AL,Washington Senators,40,28.4,3.65,162,6080,5374,591,1227,179,33,136,563,30,19,570,1125,.228,.304,.350,.654,88,1880,112,34,63,37,36,1149
1970,NL,Atlanta Braves,37,29.5,4.54,162,6202,5546,736,1495,215,24,160,692,58,34,522,736,.270,.334,.404,.738,93,2238,140,38,54,42,72,1157
1970,NL,Chicago Cubs,43,30.0,4.98,162,6229,5491,806,1424,228,44,179,761,39,16,607,844,.259,.333,.415,.748,91,2277,110,20,75,36,65,1130
1970,NL,Cincinnati Reds,33,25.9,4.78,162,6227,5540,775,1498,253,45,191,726,115,52,547,984,.270,.336,.436,.772,103,2414,119,29,58,48,70,1178
1970,NL,Houston Astros,38,26.6,4.59,162,6306,5574,744,1446,250,47,129,694,114,41,598,911,.259,.332,.391,.722,97,2177,144,27,63,43,81,1186
1970,NL,Los Angeles Dodgers,37,27.9,4.65,161,6293,5606,749,1515,233,67,87,695,138,57,541,841,.270,.334,.382,.717,96,2143,113,24,72,50,67,1185
1970,NL,Montreal Expos,40,27.7,4.24,162,6251,5411,687,1284,211,35,136,646,65,45,659,972,.237,.323,.365,.687,85,1973,106,39,107,35,64,1219
1970,NL,New York Mets,34,26.5,4.29,162,6275,5443,695,1358,211,42,120,640,118,54,684,1062,.249,.333,.370,.703,89,2013,139,26,74,48,60,1211
1970,NL,Philadelphia Phillies,39,26.8,3.69,161,6102,5456,594,1299,224,58,101,553,72,64,519,1066,.238,.305,.356,.661,79,1942,133,25,62,37,59,1093
1970,NL,Pittsburgh Pirates,39,27.8,4.50,162,6231,5637,729,1522,235,70,130,676,66,34,444,871,.270,.325,.406,.731,98,2287,117,44,53,53,82,1177
1970,NL,San Diego Padres,37,26.6,4.20,162,6146,5494,681,1353,208,36,172,629,60,45,500,1164,.246,.312,.391,.703,92,2149,111,39,83,29,46,1093
1970,NL,San Francisco Giants,38,27.9,5.13,162,6469,5578,831,1460,257,35,165,773,83,27,729,1005,.262,.351,.409,.760,104,2282,144,56,66,40,95,1275
1970,NL,St. Louis Cardinals,47,27.6,4.59,162,6378,5689,744,1497,218,51,113,688,117,47,569,961,.263,.331,.379,.710,89,2156,138,26,52,40,65,1199
1970,AL,Baltimore Orioles,32,28.8,4.89,162,6417,5545,792,1424,213,25,179,748,84,39,717,952,.257,.344,.401,.745,105,2224,110,44,64,46,64,1262
1970,AL,Boston Red Sox,40,26.5,4.85,162,6251,5535,786,1450,252,28,203,743,50,48,594,855,.262,.335,.428,.763,103,2367,137,40,34,47,47,1149
1970,AL,California Angels,40,26.6,3.90,162,6115,5532,631,1391,197,40,114,598,69,27,447,922,.251,.309,.363,.672,89,2010,118,29,69,37,56,1115
1970,AL,Chicago White Sox,43,27.1,3.91,162,6134,5514,633,1394,192,20,123,587,53,33,477,872,.253,.315,.362,.676,86,1995,132,42,51,48,41,1145
1970,AL,Cleveland Indians,36,26.3,4.01,162,6125,5463,649,1358,197,23,183,617,25,36,503,909,.249,.314,.394,.707,91,2150,119,37,76,45,42,1111
1970,AL,Detroit Tigers,35,28.7,4.11,162,6200,5377,666,1282,207,38,148,619,29,30,656,825,.238,.322,.374,.696,91,2009,134,34,83,49,56,1186
1970,AL,Kansas City Royals,38,26.4,3.77,162,6130,5503,611,1341,202,41,97,572,97,53,514,958,.244,.309,.348,.657,82,1916,126,21,63,27,42,1074
1970,AL,Milwaukee Brewers,45,29.2,3.76,163,6175,5395,613,1305,202,24,126,571,91,73,592,985,.242,.319,.358,.678,87,1933,132,36,115,32,54,1162
1970,AL,Minnesota Twins,35,28.6,4.59,162,6143,5483,744,1438,230,41,153,694,57,52,501,905,.262,.327,.403,.730,98,2209,132,42,79,38,65,1103
1970,AL,New York Yankees,34,27.2,4.17,163,6214,5492,680,1381,208,41,111,627,105,61,588,808,.251,.324,.365,.689,94,2004,115,25,60,46,48,1152
1970,AL,Oakland Athletics,39,27.8,4.19,162,6106,5376,678,1338,208,24,171,630,131,68,584,977,.249,.325,.392,.717,100,2107,121,36,73,36,55,1118
1970,AL,Washington Senators,40,28.1,3.86,162,6224,5460,626,1302,184,28,138,583,72,42,635,989,.238,.321,.358,.679,92,1956,133,46,44,38,68,1196
1975,NL,Atlanta Braves,40,27.2,3.62,161,6094,5424,583,1323,179,28,107,541,55,38,543,759,.244,.313,.346,.659,81,1879,139,18,72,35,58,1170
1975,NL,Chicago Cubs,39,27.0,4.40,162,6323,5470,712,1419,229,41,95,645,67,55,650,802,.259,.338,.368,.706,93,2015,112,30,107,66,78,1262
1975,NL,Cincinnati Reds,29,28.4,5.19,162,6419,5581,840,1515,278,37,124,779,168,36,691,916,.271,.353,.401,.754,108,2239,122,35,66,45,67,1271
1975,NL,Houston Astros,35,26.3,4.10,162,6212,5515,664,1401,218,54,84,606,133,62,523,762,.254,.320,.359,.679,96,1979,118,32,97,44,66,1142
1975,NL,Los Angeles Dodgers,37,27.4,4.00,162,6246,5453,648,1355,217,31,118,606,138,52,611,825,.248,.325,.365,.690,96,1988,123,31,104,47,72,1208
1975,NL,Montreal Expos,38,24.6,3.71,162,6272,5518,601,1346,216,31,98,542,108,58,579,954,.244,.317,.348,.664,82,1918,110,27,110,38,73,1221
1975,NL,New York Mets,37,28.6,3.99,162,6239,5587,646,1430,217,34,101,604,32,26,501,805,.256,.319,.361,.681,93,2018,143,37,75,37,70,1200
1975,NL,Philadelphia Phillies,39,27.7,4.54,162,6367,5592,735,1506,283,42,125,687,126,57,610,960,.269,.342,.402,.744,103,2248,114,31,88,42,78,1272
1975,NL,Pittsburgh Pirates,34,27.7,4.42,161,6112,5489,712,1444,255,47,138,669,49,28,468,832,.263,.323,.402,.725,103,2207,124,38,76,40,55,1120
1975,NL,San Diego Padres,38,27.5,3.41,162,6154,5429,552,1324,215,22,78,505,85,50,506,754,.244,.310,.335,.645,84,1817,128,37,133,46,60,1186
1975,NL,San Francisco Giants,37,25.6,4.09,161,6186,5447,659,1412,235,45,84,606,99,47,604,775,.259,.333,.365,.698,91,1989,139,22,62,51,52,1233
1975,NL,St. Louis Cardinals,44,28.2,4.06,163,6209,5597,662,1527,239,46,81,619,116,49,444,649,.273,.327,.375,.702,92,2101,137,29,92,45,66,1183
1975,AL,Baltimore Orioles,34,30.4,4.29,159,6211,5474,682,1382,224,33,124,635,104,55,580,834,.252,.326,.373,.699,103,2044,114,38,73,46,55,1192
1975,AL,Boston Red Sox,37,26.9,4.97,160,6175,5448,796,1500,284,44,134,756,66,58,565,741,.275,.344,.417,.761,107,2274,137,34,75,53,57,1114
1975,AL,California Angels,48,25.5,3.90,161,6142,5377,628,1324,195,41,55,572,220,108,593,811,.246,.322,.328,.650,91,1766,98,27,97,47,35,1130
1975,AL,Chicago White Sox,41,26.8,4.07,161,6244,5490,655,1400,209,38,94,604,101,54,611,800,.255,.331,.358,.689,94,1967,150,40,50,52,53,1220
1975,AL,Cleveland Indians,41,26.6,4.33,159,6059,5404,688,1409,201,25,153,643,106,89,525,667,.261,.327,.392,.719,104,2119,145,24,64,40,36,1067
1975,AL,Detroit Tigers,38,27.6,3.58,159,5853,5366,570,1338,171,39,125,546,63,57,383,872,.249,.301,.366,.666,86,1962,120,28,37,38,26,1029
1975,AL,Kansas City Royals,32,28.1,4.38,162,6231,5491,710,1431,263,58,118,667,155,75,591,675,.261,.333,.394,.727,103,2164,109,29,68,51,47,1181
1975,AL,Milwaukee Brewers,36,27.0,4.17,162,6082,5378,675,1343,242,34,146,632,65,64,553,922,.250,.320,.389,.709,100,2091,131,28,73,49,33,1081
1975,AL,Minnesota Twins,35,27.5,4.55,159,6225,5514,724,1497,215,28,121,669,81,48,563,746,.271,.341,.386,.727,104,2131,127,40,62,46,67,1238
1975,AL,New York Yankees,37,28.5,4.26,160,6039,5415,681,1430,230,39,110,642,102,59,486,710,.264,.325,.382,.707,101,2068,142,30,54,53,41,1091
1975,AL,Oakland Athletics,42,28.8,4.68,162,6185,5415,758,1376,220,33,151,703,183,82,609,846,.254,.333,.391,.724,106,2115,107,51,74,35,45,1127
1975,AL,Texas Rangers,39,26.5,4.41,162,6344,5599,714,1431,208,17,134,675,102,62,613,863,.256,.330,.371,.700,99,2075,125,25,64,41,48,1216
1980,NL,Atlanta Braves,32,26.8,3.91,161,5961,5402,630,1352,226,22,144,597,73,52,434,899,.250,.307,.380,.687,89,2054,124,20,69,33,49,1054
1980,NL,Chicago Cubs,34,28.8,3.79,162,6218,5619,614,1411,251,35,107,578,93,64,471,912,.251,.309,.365,.674,83,2053,119,18,69,40,54,1119
1980,NL,Cincinnati Reds,34,28.6,4.34,163,6209,5516,707,1445,256,45,113,668,156,43,537,852,.262,.327,.386,.713,98,2130,116,23,78,54,68,1149
1980,NL,Houston Astros,33,28.6,3.91,163,6254,5566,637,1455,231,67,75,599,194,74,540,755,.261,.326,.367,.693,101,2045,96,13,89,45,73,1200
1980,NL,Los Angeles Dodgers,35,30.3,4.07,163,6221,5568,663,1462,209,24,148,638,123,72,492,846,.263,.323,.388,.711,99,2163,108,24,96,41,52,1173
1980,NL,Montreal Expos,37,27.2,4.28,162,6164,5465,694,1407,250,61,114,647,237,82,547,865,.257,.324,.388,.712,99,2121,102,20,76,56,75,1116
1980,NL,New York Mets,40,27.4,3.77,162,6130,5478,611,1407,218,41,61,554,158,99,501,840,.257,.319,.345,.664,88,1890,126,25,73,53,63,1125
1980,NL,Philadelphia Phillies,39,30.6,4.49,162,6269,5625,728,1517,272,54,117,674,140,62,472,708,.270,.327,.400,.726,98,2248,120,33,77,58,65,1131
1980,NL,Pittsburgh Pirates,37,29.6,4.11,162,6128,5517,666,1469,249,38,116,626,209,102,452,760,.266,.322,.388,.710,96,2142,107,25,75,56,85,1087
1980,NL,San Diego Padres,36,28.1,3.63,163,6255,5540,591,1410,195,43,67,546,239,73,563,791,.255,.324,.342,.665,91,1892,113,21,92,38,70,1239
1980,NL,San Francisco Giants,38,28.3,3.56,161,6047,5368,573,1310,199,44,80,539,100,58,509,840,.244,.308,.342,.651,84,1837,122,14,100,54,61,1116
1980,NL,St. Louis Cardinals,42,27.2,4.56,162,6204,5608,738,1541,300,49,101,688,117,54,451,781,.275,.328,.400,.728,100,2242,141,21,73,49,74,1110
1980,AL,Baltimore Orioles,34,29.7,4.97,162,6282,5585,805,1523,258,29,156,751,111,38,587,766,.273,.342,.413,.755,107,2307,158,21,42,46,38,1153
1980,AL,Boston Red Sox,41,29.5,4.73,160,6200,5603,757,1588,297,36,162,717,79,48,475,720,.283,.340,.436,.776,107,2443,151,32,40,50,48,1135
1980,AL,California Angels,41,29.1,4.36,160,6134,5443,698,1442,236,32,106,655,91,63,539,889,.265,.332,.378,.710,98,2060,141,32,71,49,38,1113
1980,AL,Chicago White Sox,39,26.7,3.62,162,6001,5444,587,1408,255,38,91,547,68,54,399,670,.259,.311,.370,.681,87,2012,142,39,67,51,46,1078
1980,AL,Cleveland Indians,33,27.7,4.61,160,6259,5470,738,1517,221,40,89,692,118,58,617,625,.277,.350,.381,.731,100,2085,165,37,60,74,51,1231
1980,AL,Detroit Tigers,34,26.4,5.09,163,6444,5648,830,1543,232,53,143,767,75,68,645,844,.273,.348,.409,.757,106,2310,144,33,63,55,35,1219
1980,AL,Kansas City Royals,37,27.7,4.99,162,6357,5714,809,1633,266,59,115,766,185,43,508,709,.286,.345,.413,.758,108,2362,147,38,34,63,45,1209
1980,AL,Milwaukee Brewers,33,28.0,5.01,162,6242,5653,811,1555,298,36,203,774,131,56,455,745,.275,.329,.448,.777,114,2534,98,25,58,51,59,1100
1980,AL,Minnesota Twins,36,26.6,4.16,161,6131,5530,670,1468,252,46,99,634,62,46,436,703,.265,.319,.381,.700,86,2109,151,21,92,51,40,1098
1980,AL,New York Yankees,39,30.0,5.06,162,6329,5553,820,1484,239,34,189,772,86,36,643,739,.267,.343,.425,.768,112,2358,136,28,51,54,58,1178
1980,AL,Oakland Athletics,34,26.6,4.23,162,6160,5495,686,1424,212,35,137,635,175,82,506,824,.259,.322,.385,.707,100,2117,124,19,99,41,49,1076
1980,AL,Seattle Mariners,34,28.6,3.74,163,6142,5489,610,1359,211,35,104,564,116,62,483,727,.248,.308,.356,.664,81,1952,136,19,106,44,44,1095
1980,AL,Texas Rangers,41,30.0,4.64,163,6320,5690,756,1616,263,27,124,720,91,49,480,589,.284,.339,.405,.744,107,2305,156,23,70,56,51,1186
1980,AL,Toronto Blue Jays,37,25.8,3.85,162,6149,5571,624,1398,249,53,126,580,67,72,448,813,.251,.309,.383,.691,85,2131,119,33,63,34,44,1083
1985,NL,Atlanta Braves,33,28.1,3.90,162,6208,5526,632,1359,213,28,126,598,72,52,553,849,.246,.315,.363,.678,86,2006,154,22,65,41,56,1163
1985,NL,Chicago Cubs,40,30.2,4.23,162,6177,5492,686,1397,239,28,150,640,182,49,562,937,.254,.324,.390,.714,91,2142,119,18,66,39,62,1147
1985,NL,Cincinnati Reds,37,31.4,4.18,162,6145,5431,677,1385,249,34,114,634,159,70,576,856,.255,.327,.376,.703,94,2044,136,23,72,41,72,1134
1985,NL,Houston Astros,38,29.9,4.36,162,6192,5582,706,1457,261,42,121,666,96,56,477,873,.261,.319,.388,.707,100,2165,127,23,66,44,63,1117
1985,NL,Los Angeles Dodgers,41,27.7,4.21,162,6224,5502,682,1434,226,28,129,632,136,58,539,846,.261,.328,.382,.710,102,2103,108,31,104,46,69,1187
1985,NL,Montreal Expos,44,27.7,3.93,161,6053,5429,633,1342,242,49,118,593,169,77,492,880,.247,.310,.375,.685,96,2036,112,26,61,45,73,1061
1985,NL,New York Mets,38,28.1,4.29,162,6248,5549,695,1425,239,35,134,651,117,53,546,872,.257,.323,.385,.708,99,2136,131,20,89,44,88,1149
1985,NL,Philadelphia Phillies,37,27.9,4.12,162,6122,5477,667,1343,238,47,141,628,122,51,527,1095,.245,.312,.383,.695,92,2098,124,25,49,44,51,1099
1985,NL,Pittsburgh Pirates,43,28.2,3.53,161,6099,5436,568,1340,251,28,80,535,110,60,514,842,.247,.311,.347,.658,85,1887,131,14,91,44,64,1132
1985,NL,San Diego Padres,33,29.7,4.01,162,6150,5507,650,1405,241,28,109,611,60,39,513,809,.255,.320,.368,.688,93,2029,128,23,75,32,68,1156
1985,NL,San Francisco Giants,36,27.7,3.43,162,6063,5420,556,1263,217,31,115,517,99,55,488,962,.233,.299,.348,.648,85,1887,121,37,93,25,53,1090
1985,NL,St. Louis Cardinals,37,27.6,4.61,162,6182,5467,747,1446,245,59,87,687,314,96,586,853,.264,.335,.379,.714,100,2070,91,18,70,41,61,1105
1985,AL,Baltimore Orioles,38,29.6,5.08,161,6212,5517,818,1451,234,22,214,773,69,43,604,908,.263,.336,.430,.765,111,2371,132,19,31,40,30,1124
1985,AL,Boston Red Sox,36,29.5,4.91,163,6420,5720,800,1615,292,31,162,760,66,27,562,816,.282,.347,.429,.776,108,2455,164,30,50,57,39,1241
1985,AL,California Angels,41,32.2,4.52,162,6263,5442,732,1364,215,31,153,685,106,51,648,902,.251,.333,.386,.719,97,2100,138,39,99,35,51,1165
1985,AL,Chicago White Sox,42,27.6,4.52,163,6089,5470,736,1386,247,37,146,695,108,56,471,843,.253,.315,.392,.707,90,2145,119,43,59,45,40,1009
1985,AL,Cleveland Indians,38,28.0,4.50,162,6121,5527,729,1465,254,31,116,689,132,72,492,817,.265,.324,.385,.709,95,2129,139,15,38,48,26,1068
1985,AL,Detroit Tigers,36,29.5,4.53,161,6223,5575,729,1413,254,45,202,703,75,41,526,926,.253,.318,.424,.742,103,2363,81,27,40,53,56,1142
1985,AL,Kansas City Royals,35,30.9,4.24,162,6095,5500,687,1384,261,49,154,657,128,48,473,840,.252,.313,.401,.714,95,2205,125,36,44,41,57,1057
1985,AL,Milwaukee Brewers,39,29.9,4.29,161,6158,5568,690,1467,250,44,101,636,69,34,462,746,.263,.319,.379,.698,92,2108,145,19,54,55,33,1130
1985,AL,Minnesota Twins,36,26.3,4.35,162,6128,5509,705,1453,282,41,141,678,68,44,502,779,.264,.326,.407,.733,96,2240,117,31,39,47,36,1144
1985,AL,New York Yankees,39,28.8,5.21,161,6236,5458,839,1458,272,31,176,793,155,53,620,771,.267,.344,.425,.769,112,2320,119,50,48,60,50,1125
1985,AL,Oakland Athletics,36,29.6,4.67,162,6215,5581,757,1475,230,34,155,690,117,58,508,861,.264,.325,.401,.726,105,2238,128,16,63,47,29,1073
1985,AL,Seattle Mariners,42,26.9,4.44,162,6185,5521,719,1410,277,38,171,686,94,35,564,942,.255,.326,.412,.738,101,2276,147,31,28,41,36,1143
1985,AL,Texas Rangers,43,29.1,3.83,161,6005,5361,617,1359,213,41,129,578,130,76,530,819,.253,.322,.381,.703,91,2041,136,33,34,45,30,1100
1985,AL,Toronto Blue Jays,40,27.7,4.71,161,6107,5508,759,1482,281,53,158,714,144,77,503,807,.269,.331,.425,.757,103,2343,121,30,21,44,44,1067
1990,NL,Atlanta Braves,46,27.4,4.21,162,6084,5504,682,1376,263,26,162,636,92,55,473,1010,.250,.311,.396,.706,90,2177,101,27,49,31,36,1074
1990,NL,Chicago Cubs,39,28.2,4.26,162,6149,5600,690,1474,240,36,136,649,151,50,406,869,.263,.314,.392,.706,87,2194,100,30,61,51,68,1124
1990,NL,Cincinnati Reds,40,27.5,4.28,162,6163,5525,693,1466,284,40,125,644,166,66,466,913,.265,.325,.399,.724,95,2205,99,42,88,42,73,1137
1990,NL,Houston Astros,44,28.4,3.54,162,6076,5379,573,1301,209,32,94,536,179,83,548,997,.242,.313,.345,.658,84,1856,107,28,79,41,64,1132
1990,NL,Los Angeles Dodgers,46,29.7,4.49,162,6179,5491,728,1436,222,27,129,669,141,65,538,952,.262,.328,.382,.711,98,2099,110,31,71,48,78,1132
1990,NL,Montreal Expos,44,27.7,4.09,162,6189,5453,662,1363,227,43,114,607,235,99,576,1024,.250,.322,.370,.692,94,2018,96,26,87,47,67,1126
1990,NL,New York Mets,44,27.5,4.78,162,6182,5504,775,1410,278,21,172,734,110,33,536,851,.256,.323,.408,.731,100,2246,89,32,54,56,65,1114
1990,NL,Philadelphia Phillies,43,28.6,3.99,162,6245,5535,646,1410,237,27,103,619,108,35,582,915,.255,.327,.363,.690,91,2010,115,30,59,39,92,1242
1990,NL,Pittsburgh Pirates,46,27.7,4.52,162,6161,5388,733,1395,288,42,138,693,137,52,582,914,.259,.330,.405,.735,105,2181,115,24,96,66,64,1121
1990,NL,San Diego Padres,37,28.6,4.15,162,6218,5554,673,1429,243,35,123,628,138,59,509,902,.257,.320,.380,.700,92,2111,117,28,79,48,75,1139
1990,NL,San Francisco Giants,51,29.1,4.44,162,6216,5573,719,1459,221,35,152,681,109,56,488,973,.262,.323,.396,.718,101,2206,83,33,76,45,61,1167
1990,NL,St. Louis Cardinals,43,29.4,3.70,162,6127,5462,599,1398,255,41,73,554,221,74,517,844,.256,.320,.358,.678,87,1954,101,21,77,50,54,1164
1990,AL,Baltimore Orioles,47,27.3,4.16,161,6223,5410,669,1328,234,22,132,623,94,52,660,962,.245,.330,.370,.700,99,2002,131,40,72,41,50,1230
1990,AL,Boston Red Sox,43,28.9,4.31,162,6234,5516,699,1502,298,31,106,660,53,52,598,795,.272,.344,.395,.739,104,2180,174,28,48,44,59,1233
1990,AL,California Angels,43,29.8,4.26,162,6267,5570,690,1448,237,27,147,646,69,43,566,1000,.260,.329,.391,.720,104,2180,142,28,58,45,41,1202
1990,AL,Chicago White Sox,37,27.6,4.21,162,6038,5402,682,1393,251,44,106,637,140,90,478,903,.258,.320,.379,.699,97,2050,112,36,75,47,50,1044
1990,AL,Cleveland Indians,44,27.3,4.52,162,6087,5485,732,1465,266,41,110,675,107,52,458,836,.267,.324,.391,.714,100,2143,122,29,54,61,33,1061
1990,AL,Detroit Tigers,43,30.7,4.63,162,6224,5479,750,1418,241,32,172,714,82,57,634,952,.259,.337,.409,.746,107,2239,139,34,36,41,44,1175
1990,AL,Kansas City Royals,46,29.8,4.39,161,6099,5488,707,1465,316,44,100,660,107,62,498,879,.267,.328,.395,.723,104,2169,132,27,31,54,32,1123
1990,AL,Milwaukee Brewers,43,29.5,4.52,162,6185,5503,732,1408,247,36,128,680,164,72,519,821,.256,.320,.384,.704,98,2111,101,33,59,71,46,1106
1990,AL,Minnesota Twins,39,29.5,4.11,162,6086,5499,666,1458,281,39,100,625,96,53,445,749,.265,.324,.385,.708,93,2117,148,53,40,49,32,1097
1990,AL,New York Yankees,43,28.2,3.72,162,6037,5483,603,1322,208,19,147,561,119,45,427,1027,.241,.300,.366,.667,86,2009,114,53,37,36,41,1060
1990,AL,Oakland Athletics,40,29.1,4.52,162,6240,5433,733,1379,209,22,164,693,141,54,651,992,.254,.336,.391,.727,108,2124,122,46,60,48,38,1195
1990,AL,Seattle Mariners,43,28.0,3.95,162,6207,5474,640,1419,251,26,107,610,105,51,596,749,.259,.333,.373,.707,98,2043,140,40,41,54,41,1227
1990,AL,Texas Rangers,40,27.5,4.17,162,6177,5469,676,1416,257,27,110,641,115,48,575,1054,.259,.331,.376,.707,98,2057,142,34,54,44,45,1168
1990,AL,Toronto Blue Jays,41,27.0,4.73,162,6223,5589,767,1479,263,50,167,729,111,52,526,970,.265,.328,.419,.747,103,2343,125,28,18,62,35,1113
1995,NL,Atlanta Braves,40,27.9,4.48,144,5464,4814,645,1202,210,27,168,618,73,43,520,933,.250,.326,.409,.735,91,1970,106,40,56,34,37,988
1995,NL,Chicago Cubs,43,28.2,4.81,144,5543,4963,693,1315,267,39,158,648,105,37,440,953,.265,.327,.430,.757,101,2134,110,34,71,35,46,956
1995,NL,Cincinnati Reds,47,28.4,5.19,144,5575,4903,747,1326,277,35,161,694,190,68,519,946,.270,.342,.440,.782,106,2156,92,40,62,50,42,1001
1995,NL,Colorado Rockies,41,29.5,5.45,144,5647,4994,785,1406,259,43,200,749,125,59,484,943,.282,.350,.471,.820,94,2351,118,56,82,31,47,1017
1995,NL,Florida Marlins,46,28.1,4.71,143,5569,4886,673,1278,214,29,144,636,131,53,517,916,.262,.335,.406,.741,95,1982,105,49,69,48,36,1028
1995,NL,Houston Astros,44,28.1,5.19,144,5857,5097,747,1403,260,22,109,694,176,60,566,992,.275,.353,.399,.752,105,2034,114,69,78,47,58,1153
1995,NL,Los Angeles Dodgers,49,27.4,4.40,144,5544,4942,634,1303,191,31,140,593,127,45,468,1023,.264,.329,.400,.729,99,1976,99,30,68,35,46,1049
1995,NL,Montreal Expos,45,26.2,4.31,144,5453,4905,621,1268,265,24,118,572,120,49,400,901,.259,.320,.394,.714,85,1935,107,56,58,32,43,970
1995,NL,New York Mets,45,27.4,4.56,144,5581,4958,657,1323,218,34,125,617,58,39,446,994,.267,.330,.400,.730,95,1984,105,42,92,43,44,1041
1995,NL,Philadelphia Phillies,50,29.7,4.27,144,5613,4950,615,1296,263,30,94,576,72,25,497,884,.262,.332,.384,.716,90,1901,107,46,77,41,38,1114
1995,NL,Pittsburgh Pirates,40,28.3,4.37,144,5501,4937,629,1281,245,27,125,587,84,55,456,972,.259,.323,.396,.719,88,1955,88,24,51,33,45,1010
1995,NL,San Diego Padres,40,28.7,4.64,144,5527,4950,668,1345,231,20,116,618,124,46,447,872,.272,.334,.397,.731,95,1964,125,35,56,38,45,998
1995,NL,San Francisco Giants,46,28.7,4.53,144,5603,4971,652,1256,229,33,152,610,138,46,472,1060,.253,.323,.404,.727,95,2007,92,57,79,24,55,1046
1995,NL,St. Louis Cardinals,46,28.7,3.94,143,5349,4779,563,1182,238,24,107,533,79,46,436,920,.247,.314,.374,.688,83,1789,110,46,48,40,31,957
1995,AL,Baltimore Orioles,46,30.0,4.89,144,5531,4837,704,1267,229,27,173,668,92,45,574,803,.262,.342,.428,.770,98,2069,119,39,40,41,36,1022
1995,AL,Boston Red Sox,53,28.6,5.49,144,5716,4997,791,1399,286,31,175,754,99,44,560,923,.280,.357,.455,.812,108,2272,129,65,45,49,38,1084
1995,AL,California Angels,45,28.8,5.52,145,5690,5019,801,1390,252,25,186,761,58,39,564,889,.277,.352,.448,.800,108,2250,115,36,33,38,40,1056
1995,AL,Chicago White Sox,46,29.6,5.21,145,5770,5060,755,1417,252,37,146,712,110,39,576,767,.280,.354,.431,.785,107,2181,106,32,46,56,54,1155
1995,AL,Cleveland Indians,41,29.1,5.83,144,5686,5028,840,1461,279,23,207,803,132,53,542,766,.291,.361,.479,.839,116,2407,128,35,31,48,40,1018
1995,AL,Detroit Tigers,45,28.8,4.54,144,5535,4865,654,1204,228,29,159,619,73,36,551,987,.247,.327,.404,.731,90,1967,121,41,35,43,30,1017
1995,AL,Kansas City Royals,51,29.1,4.37,144,5528,4903,629,1275,240,35,119,578,120,53,475,849,.260,.328,.396,.724,87,1942,105,43,66,39,33,1018
1995,AL,Milwaukee Brewers,41,27.9,5.14,144,5631,5000,740,1329,249,42,128,700,105,40,502,800,.266,.336,.409,.745,89,2046,105,46,41,42,20,1012
1995,AL,Minnesota Twins,46,27.4,4.88,144,5588,5005,703,1398,270,34,120,662,105,57,471,916,.279,.346,.419,.765,98,2096,152,58,18,36,32,1025
1995,AL,New York Yankees,42,31.1,5.17,145,5699,4947,749,1365,280,34,122,709,50,30,625,851,.276,.357,.420,.778,103,2079,139,39,20,68,36,1126
1995,AL,Oakland Athletics,44,29.5,5.07,144,5617,4916,730,1296,228,18,169,694,112,46,565,911,.264,.341,.420,.762,106,2067,108,45,32,58,25,1049
1995,AL,Seattle Mariners,46,28.7,5.49,145,5671,4996,796,1377,276,20,182,767,110,41,549,871,.276,.350,.448,.798,106,2239,109,39,52,34,53,1033
1995,AL,Texas Rangers,46,29.0,4.80,144,5566,4913,691,1304,247,24,138,651,90,47,526,877,.265,.338,.410,.747,92,2013,112,33,49,45,28,1031
1995,AL,Toronto Blue Jays,39,28.9,4.46,144,5650,5036,642,1309,275,27,140,613,75,16,492,906,.260,.328,.409,.737,92,2058,119,44,33,45,27,1079
2000,NL,Arizona Diamondbacks,41,30.8,4.89,162,6241,5527,792,1466,282,44,179,756,97,44,535,975,.265,.333,.429,.763,88,2373,114,59,61,58,37,1128
2000,NL,Atlanta Braves,47,30.8,5.00,162,6275,5489,810,1490,274,26,179,758,148,56,595,1010,.271,.346,.429,.775,95,2353,127,59,87,45,38,1192
2000,NL,Chicago Cubs,51,30.7,4.72,162,6397,5577,764,1426,272,23,183,722,93,37,632,1120,.256,.335,.411,.746,90,2293,114,54,89,45,50,1215
2000,NL,Cincinnati Reds,45,29.2,5.06,163,6373,5635,825,1545,302,36,200,794,100,38,559,995,.274,.343,.447,.790,96,2519,137,64,56,58,60,1189
2000,NL,Colorado Rockies,49,29.2,5.98,162,6453,5660,968,1664,320,53,161,905,131,61,601,907,.294,.362,.455,.816,87,2573,126,42,75,75,64,1198
2000,NL,Florida Marlins,40,26.1,4.54,161,6203,5509,731,1441,274,29,160,691,168,55,540,1184,.262,.331,.409,.740,91,2253,100,60,42,51,39,1168
2000,NL,Houston Astros,46,29.1,5.79,162,6444,5570,938,1547,289,36,249,900,114,52,673,1129,.278,.361,.477,.837,104,2655,154,83,57,61,57,1171
2000,NL,Los Angeles Dodgers,46,29.6,4.93,162,6312,5481,798,1408,265,28,211,756,95,42,668,1083,.257,.341,.431,.771,99,2362,129,51,66,46,42,1188
2000,NL,Milwaukee Brewers,46,28.9,4.54,163,6355,5563,740,1366,297,25,177,708,72,44,620,1245,.246,.325,.403,.729,85,2244,126,61,61,49,47,1183
2000,NL,Montreal Expos,49,26.2,4.56,162,6153,5535,738,1475,310,35,178,705,58,48,476,1048,.266,.326,.432,.758,87,2389,111,29,78,34,53,1100
2000,NL,New York Mets,47,30.4,4.98,162,6328,5486,807,1445,281,20,198,761,66,46,675,1037,.263,.346,.430,.776,98,2360,122,45,70,51,42,1214
2000,NL,Philadelphia Phillies,51,28.6,4.37,162,6273,5511,708,1386,304,40,144,668,102,30,611,1117,.251,.329,.400,.729,83,2202,115,44,70,37,40,1209
2000,NL,Pittsburgh Pirates,46,28.3,4.90,162,6369,5643,793,1506,320,31,168,749,86,40,564,1032,.267,.339,.424,.762,92,2392,133,66,59,37,41,1202
2000,NL,San Diego Padres,56,28.6,4.64,162,6291,5560,752,1413,279,37,157,714,131,53,602,1177,.254,.330,.402,.732,91,2237,123,46,39,43,50,1155
2000,NL,San Francisco Giants,36,29.9,5.71,162,6418,5519,925,1535,304,44,226,889,79,39,709,1032,.278,.362,.472,.834,115,2605,131,51,73,66,60,1213
2000,NL,St. Louis Cardinals,46,29.6,5.48,162,6369,5478,887,1481,259,25,235,841,87,51,675,1253,.270,.356,.455,.812,103,2495,116,84,79,53,33,1214
2000,AL,Anaheim Angels,45,27.6,5.33,162,6373,5628,864,1574,309,34,236,837,93,52,608,1024,.280,.352,.472,.825,105,2659,126,47,47,43,43,1173
2000,AL,Baltimore Orioles,50,32.1,4.90,162,6238,5549,794,1508,310,22,184,750,126,65,558,900,.272,.341,.435,.776,100,2414,148,49,27,54,34,1129
2000,AL,Boston Red Sox,52,29.3,4.89,162,6371,5630,792,1503,316,32,167,755,43,30,611,1019,.267,.341,.423,.764,90,2384,115,42,40,48,40,1226
2000,AL,Chicago White Sox,42,27.6,6.04,162,6410,5646,978,1615,325,33,216,926,119,42,591,960,.286,.356,.470,.826,106,2654,140,53,55,61,28,1127
2000,AL,Cleveland Indians,55,30.1,5.86,162,6512,5683,950,1639,310,30,221,889,113,34,685,1057,.288,.367,.470,.837,110,2672,134,51,41,52,27,1260
2000,AL,Detroit Tigers,45,29.0,5.08,162,6343,5644,823,1553,307,41,177,785,83,38,562,982,.275,.343,.438,.781,102,2473,142,43,42,49,22,1185
2000,AL,Kansas City Royals,44,27.6,5.43,162,6394,5709,879,1644,281,27,150,831,121,35,511,840,.288,.348,.425,.773,93,2429,139,48,56,70,28,1184
2000,AL,Minnesota Twins,41,26.4,4.62,162,6283,5615,748,1516,325,49,116,711,90,45,556,1021,.270,.337,.407,.744,85,2287,143,35,24,51,31,1198
2000,AL,New York Yankees,46,31.4,5.41,161,6311,5556,871,1541,294,25,205,833,99,48,631,1007,.277,.354,.450,.804,103,2500,134,57,16,50,42,1189
2000,AL,Oakland Athletics,44,27.3,5.88,161,6432,5560,947,1501,281,23,239,908,40,15,750,1159,.270,.360,.458,.817,109,2545,147,52,26,44,32,1210
2000,AL,Seattle Mariners,37,31.3,5.60,162,6444,5497,907,1481,300,26,198,869,122,56,775,1073,.269,.361,.442,.803,108,2427,129,48,63,61,34,1247
2000,AL,Tampa Bay Devil Rays,51,30.1,4.55,161,6206,5505,733,1414,253,22,162,692,90,46,558,1022,.257,.329,.399,.728,85,2197,126,51,52,40,25,1140
2000,AL,Texas Rangers,42,29.5,5.23,162,6364,5648,848,1601,330,35,173,806,69,47,580,922,.283,.352,.446,.798,100,2520,161,39,48,48,39,1198
2000,AL,Toronto Blue Jays,45,28.1,5.31,162,6326,5677,861,1562,328,21,244,826,89,34,526,1026,.275,.341,.469,.810,101,2664,130,60,29,34,32,1152
2005,NL,Arizona Diamondbacks,43,30.3,4.30,162,6327,5550,696,1419,291,27,191,670,67,26,606,1094,.256,.332,.421,.754,94,2337,132,55,71,45,51,1247
2005,NL,Atlanta Braves,45,28.1,4.75,162,6186,5486,769,1453,308,37,184,733,92,32,534,1084,.265,.333,.435,.768,99,2387,146,45,75,46,56,1114
2005,NL,Chicago Cubs,46,29.8,4.34,162,6161,5584,703,1506,323,23,194,674,65,39,419,920,.270,.324,.440,.764,95,2457,131,50,69,37,49,1133
2005,NL,Cincinnati Reds,46,28.6,5.03,163,6321,5565,820,1453,335,15,222,784,72,23,611,1303,.261,.339,.446,.785,104,2484,116,62,43,39,42,1176
2005,NL,Colorado Rockies,54,27.2,4.57,162,6238,5542,740,1477,280,34,150,704,65,32,509,1103,.267,.333,.411,.744,85,2275,125,64,88,34,36,1197
2005,NL,Florida Marlins,47,29.7,4.43,162,6214,5502,717,1499,306,32,128,678,96,38,512,918,.272,.339,.409,.748,101,2253,144,67,82,50,61,1181
2005,NL,Houston Astros,36,30.2,4.25,163,6139,5462,693,1400,281,32,161,654,115,44,481,1037,.256,.322,.408,.730,90,2228,116,72,82,42,43,1136
2005,NL,Los Angeles Dodgers,44,28.6,4.23,162,6134,5433,685,1374,284,21,149,653,58,35,541,1094,.253,.326,.395,.721,90,2147,139,67,57,33,30,1135
2005,NL,Milwaukee Brewers,39,28.4,4.48,162,6156,5448,726,1413,327,19,175,689,79,34,531,1162,.259,.331,.423,.754,97,2303,137,73,66,38,55,1120
2005,NL,New York Mets,42,28.8,4.46,162,6146,5505,722,1421,279,32,175,683,153,40,486,1075,.258,.322,.416,.738,95,2289,103,48,69,38,49,1122
2005,NL,Philadelphia Phillies,40,30.0,4.98,162,6345,5542,807,1494,282,35,167,760,116,27,639,1083,.270,.348,.423,.772,98,2347,107,56,62,46,76,1251
2005,NL,Pittsburgh Pirates,44,27.4,4.20,162,6221,5573,680,1445,292,38,139,656,73,30,471,1092,.259,.322,.400,.723,90,2230,130,72,56,49,38,1193
2005,NL,San Diego Padres,46,31.0,4.22,162,6271,5502,684,1416,269,39,130,655,99,44,600,977,.257,.333,.391,.724,97,2153,122,49,72,48,41,1220
2005,NL,San Francisco Giants,50,32.2,4.01,162,6077,5462,649,1427,299,26,128,617,71,35,431,901,.261,.319,.396,.714,86,2162,147,49,91,44,26,1093
2005,NL,St. Louis Cardinals,40,30.8,4.97,162,6246,5538,805,1494,287,26,170,757,83,36,534,947,.270,.339,.423,.762,98,2343,127,62,77,35,60,1152
2005,NL,Washington Nationals,55,29.3,3.94,162,6142,5426,639,1367,311,32,117,615,45,45,491,1090,.252,.322,.386,.708,89,2093,130,89,91,45,55,1137
2005,AL,Baltimore Orioles,46,31.5,4.50,162,6135,5551,729,1492,296,27,189,700,83,37,447,902,.269,.327,.434,.761,102,2409,145,54,40,42,31,1103
2005,AL,Boston Red Sox,52,31.3,5.62,162,6403,5626,910,1579,339,21,199,863,45,12,653,1044,.281,.357,.454,.811,111,2557,135,47,14,63,34,1249
2005,AL,Chicago White Sox,38,29.3,4.57,162,6146,5529,741,1450,253,23,200,713,137,67,435,1002,.262,.322,.425,.747,95,2349,122,79,53,49,27,1032
2005,AL,Cleveland Indians,38,27.5,4.88,162,6255,5609,790,1522,337,30,207,760,62,36,503,1093,.271,.334,.453,.787,111,2540,128,54,39,50,33,1148
2005,AL,Detroit Tigers,45,28.5,4.46,162,6136,5602,723,1521,283,45,168,678,66,28,384,1038,.272,.321,.428,.750,100,2398,137,53,44,52,24,1077
2005,AL,Kansas City Royals,46,28.0,4.33,162,6086,5503,701,1445,289,34,126,653,53,33,424,1008,.263,.320,.396,.716,91,2180,139,63,46,50,23,1062
2005,AL,Los Angeles Angels of Anaheim,40,29.8,4.70,162,6186,5624,761,1520,278,30,147,726,161,57,447,848,.270,.325,.409,.734,96,2299,125,29,43,39,51,1086
2005,AL,Minnesota Twins,37,27.6,4.25,162,6192,5564,688,1441,269,32,134,644,102,44,485,978,.259,.323,.391,.714,88,2176,155,59,42,42,49,1109
2005,AL,New York Yankees,51,32.3,5.47,162,6406,5624,886,1552,259,16,229,847,84,27,637,989,.276,.355,.450,.805,115,2530,125,73,28,43,41,1264
2005,AL,Oakland Athletics,41,28.6,4.77,162,6275,5627,772,1476,310,20,155,739,31,22,537,819,.262,.330,.407,.737,96,2291,148,52,19,40,22,1170
2005,AL,Seattle Mariners,48,28.7,4.31,162,6095,5507,699,1408,289,34,130,657,102,47,466,986,.256,.317,.391,.709,92,2155,115,48,37,37,50,1076
2005,AL,Tampa Bay Devil Rays,43,27.5,4.63,162,6120,5552,750,1519,289,40,157,717,151,49,412,990,.274,.329,.425,.754,101,2359,133,69,34,51,25,1065
2005,AL,Texas Rangers,50,27.9,5.34,162,6301,5716,865,1528,311,29,260,834,67,15,495,1112,.267,.329,.468,.798,105,2677,123,48,9,32,20,1104
2005,AL,Toronto Blue Jays,37,27.9,4.78,162,6233,5581,775,1480,307,39,136,735,72,35,486,955,.265,.331,.407,.738,94,2273,126,89,21,56,18,1118
2010,NL,Arizona Diamondbacks,48,26.8,4.40,162,6183,5473,713,1366,301,34,180,691,86,41,589,1529,.250,.325,.416,.740,94,2275,113,39,41,41,45,1139
2010,NL,Atlanta Braves,43,28.6,4.56,162,6252,5463,738,1411,312,25,139,699,63,29,634,1140,.258,.339,.401,.740,101,2190,136,51,69,35,50,1222
2010,NL,Chicago Cubs,44,29.3,4.23,162,6140,5512,685,1414,298,27,149,658,55,31,479,1236,.257,.320,.401,.721,90,2213,124,50,60,38,32,1129
2010,NL,Cincinnati Reds,44,29.0,4.88,162,6285,5579,790,1515,293,30,188,761,93,43,522,1218,.272,.338,.436,.774,106,2432,113,68,66,50,34,1174
2010,NL,Colorado Rockies,43,28.8,4.75,162,6265,5530,770,1452,270,54,173,741,99,42,585,1274,.263,.336,.425,.760,92,2349,103,47,56,47,53,1175
2010,NL,Florida Marlins,57,26.9,4.44,162,6194,5531,719,1403,294,37,152,686,92,26,514,1375,.254,.321,.403,.724,92,2227,107,55,51,43,42,1154
2010,NL,Houston Astros,48,29.6,3.77,162,6005,5452,611,1348,252,25,108,577,100,36,415,1025,.247,.303,.362,.665,81,1974,130,33,75,29,27,1060
2010,NL,Los Angeles Dodgers,49,30.3,4.12,162,6140,5426,667,1368,270,29,120,621,92,50,533,1184,.252,.322,.379,.700,92,2056,123,46,85,50,57,1142
2010,NL,Milwaukee Brewers,43,27.9,4.63,162,6304,5606,750,1471,293,33,182,710,81,26,546,1216,.262,.335,.424,.759,103,2376,115,81,35,35,35,1220
2010,NL,New York Mets,47,28.4,4.05,162,6144,5465,656,1361,266,40,128,625,130,44,502,1095,.249,.314,.383,.697,90,2091,101,46,74,57,53,1124
2010,NL,Philadelphia Phillies,42,31.8,4.77,162,6291,5581,772,1451,290,34,166,736,108,21,560,1064,.260,.332,.413,.745,98,2307,120,63,44,43,69,1194
2010,NL,Pittsburgh Pirates,52,26.5,3.62,162,5974,5386,587,1303,276,27,126,570,87,36,463,1207,.242,.304,.373,.678,84,2011,119,33,58,33,28,1078
2010,NL,San Diego Padres,40,29.1,4.10,162,6148,5434,665,1338,236,24,132,630,124,50,538,1183,.246,.317,.371,.689,93,2018,106,50,79,46,67,1125
2010,NL,San Francisco Giants,42,29.5,4.30,162,6143,5488,697,1411,284,30,162,660,55,32,487,1099,.257,.321,.408,.729,98,2241,158,50,76,41,53,1092
2010,NL,St. Louis Cardinals,42,28.8,4.54,162,6241,5542,736,1456,285,18,150,689,79,41,541,1027,.263,.332,.402,.733,100,2227,124,50,66,40,78,1164
2010,NL,Washington Nationals,46,29.1,4.04,162,6100,5418,655,1355,250,31,149,634,110,41,503,1220,.250,.318,.390,.708,91,2114,125,60,71,47,36,1113
2010,AL,Baltimore Orioles,45,28.6,3.78,162,6109,5554,613,1440,264,21,133,577,76,34,424,1056,.259,.316,.386,.702,92,2145,154,54,31,45,32,1139
2010,AL,Boston Red Sox,53,30.9,5.05,162,6356,5646,818,1511,358,22,211,782,68,17,587,1140,.268,.339,.451,.790,109,2546,130,47,29,46,43,1200
2010,AL,Chicago White Sox,40,30.6,4.64,162,6118,5484,752,1467,263,21,177,710,160,74,467,922,.268,.332,.420,.752,102,2303,148,79,50,38,23,1046
2010,AL,Cleveland Indians,45,27.2,3.99,162,6165,5487,646,1362,290,20,128,601,91,33,545,1184,.248,.322,.378,.700,96,2076,118,64,36,33,34,1186
2010,AL,Detroit Tigers,41,29.0,4.64,162,6312,5643,751,1515,308,32,152,717,69,30,546,1147,.268,.335,.415,.750,102,2343,118,41,41,41,50,1229
2010,AL,Kansas City Royals,46,28.9,4.17,162,6209,5604,676,1534,279,31,121,640,115,50,471,905,.274,.331,.399,.730,100,2238,152,35,45,53,25,1173
2010,AL,Los Angeles Angels of Anaheim,46,29.6,4.20,162,6089,5488,681,1363,276,19,155,656,104,52,466,1070,.248,.311,.390,.702,94,2142,125,52,42,37,28,1049
2010,AL,Minnesota Twins,42,28.4,4.82,162,6257,5568,781,1521,318,41,142,749,68,28,559,967,.273,.341,.422,.762,109,2347,159,39,38,53,45,1156
2010,AL,New York Yankees,43,30.3,5.30,162,6379,5567,859,1485,275,32,201,823,103,30,662,1136,.267,.350,.436,.786,108,2427,124,73,33,44,36,1228
2010,AL,Oakland Athletics,49,27.8,4.09,162,6117,5448,663,1396,276,30,109,619,156,38,527,1061,.256,.324,.378,.702,92,2059,129,47,43,51,16,1159
2010,AL,Seattle Mariners,47,29.5,3.17,162,5989,5409,513,1274,227,16,101,485,142,39,459,1184,.236,.298,.339,.637,79,1836,110,39,42,40,33,1116
2010,AL,Tampa Bay Rays,37,27.5,4.95,162,6270,5439,802,1343,295,37,160,769,172,47,672,1292,.247,.333,.403,.736,105,2192,92,57,39,57,30,1152
2010,AL,Texas Rangers,48,28.3,4.86,162,6302,5635,787,1556,268,25,162,740,123,48,511,986,.276,.338,.419,.757,98,2360,129,45,53,54,37,1174
2010,AL,Toronto Blue Jays,44,29.3,4.66,162,6072,5495,755,1364,319,21,257,732,58,20,471,1164,.248,.312,.454,.766,105,2496,114,55,16,34,25,1017
2015,NL,Arizona Diamondbacks,50,26.5,4.44,162,6276,5649,720,1494,289,48,154,680,132,44,490,1312,.264,.324,.414,.738,97,2341,134,33,46,57,40,1153
2015,NL,Atlanta Braves,60,28.8,3.54,162,6034,5420,573,1361,251,18,100,548,69,33,471,1107,.251,.314,.359,.674,87,1948,148,44,67,31,39,1145
2015,NL,Chicago Cubs,50,26.9,4.25,162,6200,5491,689,1341,272,30,171,657,95,37,567,1518,.244,.321,.398,.719,98,2186,101,74,32,35,47,1165
2015,NL,Cincinnati Reds,50,29.5,3.95,162,6196,5571,640,1382,257,27,167,613,134,38,496,1255,.248,.312,.394,.706,92,2194,112,42,47,40,38,1148
2015,NL,Colorado Rockies,51,28.0,4.55,162,6071,5572,737,1479,274,49,186,702,97,43,388,1283,.265,.315,.432,.748,89,2409,114,33,44,34,47,1016
2015,NL,Los Angeles Dodgers,55,29.6,4.12,162,6090,5385,667,1346,263,26,187,638,59,34,563,1258,.250,.326,.413,.739,106,2222,135,60,49,30,31,1121
2015,NL,Miami Marlins,51,27.9,3.78,162,5988,5463,613,1420,236,40,120,575,112,45,375,1150,.260,.310,.384,.694,93,2096,133,39,71,40,30,1059
2015,NL,Milwaukee Brewers,49,28.1,4.04,162,6024,5480,655,1378,274,34,145,624,84,29,412,1299,.251,.307,.393,.700,91,2155,130,41,55,34,35,1026
2015,NL,New York Mets,49,28.6,4.22,162,6145,5527,683,1351,295,17,177,654,51,25,488,1290,.244,.312,.400,.712,96,2211,130,68,29,32,42,1098
2015,NL,Philadelphia Phillies,50,28.0,3.86,162,6053,5529,626,1374,272,37,130,586,88,32,387,1274,.249,.303,.382,.684,89,2110,119,54,53,29,20,1066
2015,NL,Pittsburgh Pirates,46,28.2,4.30,162,6285,5631,697,1462,292,27,140,661,98,45,461,1322,.260,.323,.396,.719,97,2228,115,89,63,41,46,1166
2015,NL,San Diego Padres,46,27.7,4.01,162,6019,5457,650,1324,260,36,148,623,82,29,426,1327,.243,.300,.385,.685,91,2100,108,40,52,42,22,1028
2015,NL,San Francisco Giants,48,28.9,4.30,162,6153,5565,696,1486,288,39,136,663,93,36,457,1159,.267,.326,.406,.732,101,2260,142,49,45,37,30,1130
2015,NL,St. Louis Cardinals,46,28.4,3.99,162,6139,5484,647,1386,288,39,137,619,69,38,506,1267,.253,.321,.394,.716,95,2163,128,66,39,42,47,1152
2015,NL,Washington Nationals,44,28.4,4.34,162,6117,5428,703,1363,265,13,177,665,57,23,539,1344,.251,.321,.403,.724,96,2185,129,44,55,51,38,1114
2015,AL,Baltimore Orioles,48,27.9,4.40,162,6007,5485,713,1370,246,20,217,686,44,25,418,1331,.250,.307,.421,.728,97,2307,127,51,20,32,23,990
2015,AL,Boston Red Sox,51,28.2,4.62,162,6237,5640,748,1495,294,33,161,706,71,27,478,1148,.265,.325,.415,.740,97,2338,127,46,30,42,28,1142
2015,AL,Chicago White Sox,40,28.2,3.84,162,6070,5533,622,1381,260,27,136,595,68,42,404,1231,.250,.306,.380,.686,92,2103,125,65,30,37,22,1065
2015,AL,Cleveland Indians,49,28.0,4.16,161,6109,5439,669,1395,303,29,141,640,86,28,533,1157,.256,.325,.401,.725,93,2179,134,39,47,50,34,1147
2015,AL,Detroit Tigers,47,28.3,4.28,161,6159,5605,689,1515,289,49,151,660,83,51,455,1259,.270,.328,.420,.748,105,2355,152,41,23,35,36,1111
2015,AL,Houston Astros,46,26.3,4.50,162,6073,5459,729,1363,278,26,230,691,121,48,486,1392,.250,.315,.437,.752,107,2383,102,56,28,43,22,1036
2015,AL,Kansas City Royals,45,29.1,4.47,162,6116,5575,724,1497,300,42,139,689,104,34,383,973,.269,.322,.412,.734,98,2298,133,77,34,47,28,1079
2015,AL,Los Angeles Angels of Anaheim,51,28.7,4.08,162,5990,5417,661,1331,243,21,176,621,52,34,435,1150,.246,.307,.396,.702,97,2144,116,58,37,40,34,1013
2015,AL,Minnesota Twins,44,28.2,4.30,162,6017,5467,696,1349,277,44,156,661,70,38,439,1264,.247,.305,.399,.704,92,2182,133,40,30,41,31,993
2015,AL,New York Yankees,56,31.4,4.72,162,6268,5567,764,1397,272,19,212,737,63,25,554,1227,.251,.323,.421,.744,102,2343,105,63,24,54,23,1151
2015,AL,Oakland Athletics,52,27.9,4.28,162,6171,5600,694,1405,277,46,146,661,78,29,475,1119,.251,.312,.395,.707,96,2212,124,40,14,38,21,1102
2015,AL,Seattle Mariners,51,28.6,4.05,162,6131,5544,656,1379,262,22,198,624,69,45,478,1336,.249,.311,.411,.722,101,2279,123,36,38,35,31,1080
2015,AL,Tampa Bay Rays,51,28.5,3.98,162,6071,5485,644,1383,278,32,167,612,87,45,436,1310,.252,.314,.406,.720,100,2226,121,84,19,47,22,1075
2015,AL,Texas Rangers,57,28.7,4.64,162,6187,5511,751,1419,279,32,172,707,101,39,503,1233,.257,.325,.413,.739,98,2278,99,76,43,54,32,1130
2015,AL,Toronto Blue Jays,52,29.5,5.50,162,6232,5509,891,1480,308,17,232,852,88,23,570,1151,.269,.340,.457,.797,115,2518,140,54,36,62,12,1057
